num√©ro,link
1820000,/matches/1820000/live/pologne-i-liga-2024-2025-gks-tychy-znicz-pruszkow
1820001,/matches/1820001/live/pologne-i-liga-2024-2025-wisla-plock-wisla-krakow
1820002,/matches/1820002/live/pologne-i-liga-2024-2025-termalica-nieciecza-arka-gdynia
1820003,/matches/1820003/live/pologne-i-liga-2024-2025-kotwica-kolobrzeg-znicz-pruszkow
1820005,/matches/1820005/live/pologne-i-liga-2024-2025-miedz-legnica-wisla-krakow
1820007,/matches/1820007/live/pologne-i-liga-2024-2025-gornik-leczna-arka-gdynia
1820015,/matches/1820015/live/pologne-i-liga-2024-2025-pogon-siedlce-stal-stalowa-wola
1820017,/matches/1820017/live/pologne-i-liga-2024-2025-stal-rzeszow-chrobry-glogow
1820019,/matches/1820019/live/pologne-i-liga-2024-2025-stal-stalowa-wola-odra-opole
1820021,/matches/1820021/live/pologne-i-liga-2024-2025-gks-tychy-pogon-siedlce
1820023,/matches/1820023/live/pologne-i-liga-2024-2025-wisla-plock-termalica-nieciecza
1820025,/matches/1820025/live/pologne-i-liga-2024-2025-ruch-chorzow-wisla-plock
1820027,/matches/1820027/live/pologne-i-liga-2024-2025-termalica-nieciecza-gks-tychy
1820044,/matches/1820044/live/pologne-i-liga-2024-2025-ruch-chorzow-wisla-krakow
1820045,/matches/1820045/live/pologne-i-liga-2024-2025-wisla-krakow-znicz-pruszkow
1820046,/matches/1820046/live/pologne-i-liga-2024-2025-arka-gdynia-polonia-warszawa
1820047,/matches/1820047/live/pologne-i-liga-2024-2025-gornik-leczna-lks-lodz
1820048,/matches/1820048/live/pologne-i-liga-2024-2025-miedz-legnica-stal-rzeszow
1820049,/matches/1820049/live/pologne-i-liga-2024-2025-kotwica-kolobrzeg-stal-stalowa-wola
1820050,/matches/1820050/live/pologne-i-liga-2024-2025-warta-poznan-gks-tychy
1820051,/matches/1820051/live/pologne-i-liga-2024-2025-chrobry-glogow-wisla-plock
1820052,/matches/1820052/live/pologne-i-liga-2024-2025-odra-opole-termalica-nieciecza
1820053,/matches/1820053/live/pologne-i-liga-2024-2025-pogon-siedlce-ruch-chorzow
1820054,/matches/1820054/live/pologne-i-liga-2024-2025-pogon-siedlce-odra-opole
1820055,/matches/1820055/live/pologne-i-liga-2024-2025-termalica-nieciecza-chrobry-glogow
1820056,/matches/1820056/live/pologne-i-liga-2024-2025-wisla-plock-warta-poznan
1820057,/matches/1820057/live/pologne-i-liga-2024-2025-znicz-pruszkow-arka-gdynia
1820058,/matches/1820058/live/pologne-i-liga-2024-2025-polonia-warszawa-gornik-leczna
1820059,/matches/1820059/live/pologne-i-liga-2024-2025-lks-lodz-miedz-legnica
1820060,/matches/1820060/live/pologne-i-liga-2024-2025-stal-rzeszow-kotwica-kolobrzeg
1820061,/matches/1820061/live/pologne-i-liga-2024-2025-stal-stalowa-wola-warta-poznan
1820062,/matches/1820062/live/pologne-i-liga-2024-2025-gks-tychy-chrobry-glogow
1820063,/matches/1820063/live/pologne-i-liga-2024-2025-wisla-plock-odra-opole
1820064,/matches/1820064/live/pologne-i-liga-2024-2025-termalica-nieciecza-pogon-siedlce
1820065,/matches/1820065/live/pologne-i-liga-2024-2025-ruch-chorzow-termalica-nieciecza
1820068,/matches/1820068/live/pologne-i-liga-2024-2025-chrobry-glogow-lks-lodz
1820069,/matches/1820069/live/pologne-i-liga-2024-2025-warta-poznan-polonia-warszawa
1820074,/matches/1820074/live/pologne-i-liga-2024-2025-znicz-pruszkow-miedz-legnica
1820075,/matches/1820075/live/pologne-i-liga-2024-2025-odra-opole-gks-tychy
1820076,/matches/1820076/live/pologne-i-liga-2024-2025-chrobry-glogow-stal-stalowa-wola
1820077,/matches/1820077/live/pologne-i-liga-2024-2025-warta-poznan-stal-rzeszow
1820078,/matches/1820078/live/pologne-i-liga-2024-2025-kotwica-kolobrzeg-lks-lodz
1820079,/matches/1820079/live/pologne-i-liga-2024-2025-miedz-legnica-polonia-warszawa
1820080,/matches/1820080/live/pologne-i-liga-2024-2025-gornik-leczna-znicz-pruszkow
1820081,/matches/1820081/live/pologne-i-liga-2024-2025-arka-gdynia-wisla-krakow
1820082,/matches/1820082/live/pologne-i-liga-2024-2025-ruch-chorzow-arka-gdynia
1820083,/matches/1820083/live/pologne-i-liga-2024-2025-wisla-krakow-gornik-leczna
1820084,/matches/1820084/live/pologne-i-liga-2024-2025-pogon-siedlce-wisla-plock
1820085,/matches/1820085/live/pologne-i-liga-2024-2025-polonia-warszawa-kotwica-kolobrzeg
1820086,/matches/1820086/live/pologne-i-liga-2024-2025-lks-lodz-warta-poznan
1820137,/matches/1820137/live/bulgarie-a-pfg-2024-2025-cherno-more-varna-cska-1948
1820138,/matches/1820138/live/bulgarie-a-pfg-2024-2025-septemvri-sofia-beroe
1820139,/matches/1820139/live/bulgarie-a-pfg-2024-2025-pfc-lokomotiv-sofia-1929-levski-sofia
1820140,/matches/1820140/live/bulgarie-a-pfg-2024-2025-botev-vratsa-botev-plovdiv
1820141,/matches/1820141/live/bulgarie-a-pfg-2024-2025-lokomotiv-plovdiv-arda-kardzhali
1820142,/matches/1820142/live/bulgarie-a-pfg-2024-2025-krumovgrad-slavia-sofia
1820143,/matches/1820143/live/bulgarie-a-pfg-2024-2025-ludogorets-razgrad-cska-sofia
1820144,/matches/1820144/live/bulgarie-a-pfg-2024-2025-hebar-spartak-varna
1820145,/matches/1820145/live/bulgarie-a-pfg-2024-2025-cska-1948-spartak-varna
1820146,/matches/1820146/live/bulgarie-a-pfg-2024-2025-cska-sofia-hebar
1820147,/matches/1820147/live/bulgarie-a-pfg-2024-2025-septemvri-sofia-cska-1948
1820148,/matches/1820148/live/bulgarie-a-pfg-2024-2025-slavia-sofia-ludogorets-razgrad
1820149,/matches/1820149/live/bulgarie-a-pfg-2024-2025-pfc-lokomotiv-sofia-1929-cherno-more-varna
1820150,/matches/1820150/live/bulgarie-a-pfg-2024-2025-botev-vratsa-beroe
1820151,/matches/1820151/live/bulgarie-a-pfg-2024-2025-arda-kardzhali-krumovgrad
1820152,/matches/1820152/live/bulgarie-a-pfg-2024-2025-lokomotiv-plovdiv-levski-sofia
1820153,/matches/1820153/live/bulgarie-a-pfg-2024-2025-botev-plovdiv-lokomotiv-plovdiv
1820154,/matches/1820154/live/bulgarie-a-pfg-2024-2025-ludogorets-razgrad-arda-kardzhali
1820155,/matches/1820155/live/bulgarie-a-pfg-2024-2025-levski-sofia-botev-vratsa
1820156,/matches/1820156/live/bulgarie-a-pfg-2024-2025-hebar-slavia-sofia
1820157,/matches/1820157/live/bulgarie-a-pfg-2024-2025-beroe-pfc-lokomotiv-sofia-1929
1820158,/matches/1820158/live/bulgarie-a-pfg-2024-2025-spartak-varna-cska-sofia
1820159,/matches/1820159/live/bulgarie-a-pfg-2024-2025-cherno-more-varna-septemvri-sofia
1820160,/matches/1820160/live/bulgarie-a-pfg-2024-2025-cska-1948-cska-sofia
1820161,/matches/1820161/live/bulgarie-a-pfg-2024-2025-slavia-sofia-spartak-varna
1820162,/matches/1820162/live/bulgarie-a-pfg-2024-2025-arda-kardzhali-hebar
1820163,/matches/1820163/live/bulgarie-a-pfg-2024-2025-botev-plovdiv-ludogorets-razgrad
1820164,/matches/1820164/live/bulgarie-a-pfg-2024-2025-levski-sofia-krumovgrad
1820165,/matches/1820165/live/bulgarie-a-pfg-2024-2025-beroe-lokomotiv-plovdiv
1820166,/matches/1820166/live/bulgarie-a-pfg-2024-2025-krumovgrad-botev-plovdiv
1820167,/matches/1820167/live/bulgarie-a-pfg-2024-2025-cherno-more-varna-botev-vratsa
1820168,/matches/1820168/live/bulgarie-a-pfg-2024-2025-septemvri-sofia-pfc-lokomotiv-sofia-1929
1820169,/matches/1820169/live/bulgarie-a-pfg-2024-2025-pfc-lokomotiv-sofia-1929-cska-1948
1820170,/matches/1820170/live/bulgarie-a-pfg-2024-2025-botev-vratsa-septemvri-sofia
1820171,/matches/1820171/live/bulgarie-a-pfg-2024-2025-lokomotiv-plovdiv-cherno-more-varna
1820172,/matches/1820172/live/bulgarie-a-pfg-2024-2025-krumovgrad-beroe
1820173,/matches/1820173/live/bulgarie-a-pfg-2024-2025-ludogorets-razgrad-levski-sofia
1820174,/matches/1820174/live/bulgarie-a-pfg-2024-2025-hebar-botev-plovdiv
1820175,/matches/1820175/live/bulgarie-a-pfg-2024-2025-spartak-varna-arda-kardzhali
1820176,/matches/1820176/live/bulgarie-a-pfg-2024-2025-cska-sofia-slavia-sofia
1820177,/matches/1820177/live/bulgarie-a-pfg-2024-2025-cska-1948-slavia-sofia
1820178,/matches/1820178/live/bulgarie-a-pfg-2024-2025-arda-kardzhali-cska-sofia
1820179,/matches/1820179/live/bulgarie-a-pfg-2024-2025-botev-plovdiv-spartak-varna
1820180,/matches/1820180/live/bulgarie-a-pfg-2024-2025-beroe-ludogorets-razgrad
1820181,/matches/1820181/live/bulgarie-a-pfg-2024-2025-cherno-more-varna-krumovgrad
1820182,/matches/1820182/live/bulgarie-a-pfg-2024-2025-levski-sofia-hebar
1820183,/matches/1820183/live/bulgarie-a-pfg-2024-2025-septemvri-sofia-lokomotiv-plovdiv
1820184,/matches/1820184/live/bulgarie-a-pfg-2024-2025-pfc-lokomotiv-sofia-1929-botev-vratsa
1820185,/matches/1820185/live/bulgarie-a-pfg-2024-2025-cska-sofia-botev-plovdiv
1820186,/matches/1820186/live/bulgarie-a-pfg-2024-2025-cherno-more-varna-hebar
1820187,/matches/1820187/live/bulgarie-a-pfg-2024-2025-spartak-varna-cherno-more-varna
1820188,/matches/1820188/live/bulgarie-a-pfg-2024-2025-botev-vratsa-cska-1948
1820189,/matches/1820189/live/bulgarie-a-pfg-2024-2025-lokomotiv-plovdiv-pfc-lokomotiv-sofia-1929
1820190,/matches/1820190/live/bulgarie-a-pfg-2024-2025-krumovgrad-septemvri-sofia
1820191,/matches/1820191/live/bulgarie-a-pfg-2024-2025-ludogorets-razgrad-cherno-more-varna
1820192,/matches/1820192/live/bulgarie-a-pfg-2024-2025-hebar-beroe
1820193,/matches/1820193/live/bulgarie-a-pfg-2024-2025-spartak-varna-levski-sofia
1820194,/matches/1820194/live/bulgarie-a-pfg-2024-2025-slavia-sofia-arda-kardzhali
1820195,/matches/1820195/live/bulgarie-a-pfg-2024-2025-cska-1948-arda-kardzhali
1820196,/matches/1820196/live/bulgarie-a-pfg-2024-2025-botev-plovdiv-slavia-sofia
1820197,/matches/1820197/live/bulgarie-a-pfg-2024-2025-levski-sofia-cska-sofia
1820200,/matches/1820200/live/bulgarie-a-pfg-2024-2025-pfc-lokomotiv-sofia-1929-krumovgrad
1820201,/matches/1820201/live/bulgarie-a-pfg-2024-2025-botev-vratsa-lokomotiv-plovdiv
1820202,/matches/1820202/live/bulgarie-a-pfg-2024-2025-lokomotiv-plovdiv-cska-1948
1820203,/matches/1820203/live/bulgarie-a-pfg-2024-2025-krumovgrad-botev-vratsa
1820204,/matches/1820204/live/bulgarie-a-pfg-2024-2025-ludogorets-razgrad-pfc-lokomotiv-sofia-1929
1820205,/matches/1820205/live/bulgarie-a-pfg-2024-2025-hebar-septemvri-sofia
1820206,/matches/1820206/live/bulgarie-a-pfg-2024-2025-cska-sofia-beroe
1820207,/matches/1820207/live/bulgarie-a-pfg-2024-2025-slavia-sofia-levski-sofia
1820208,/matches/1820208/live/bulgarie-a-pfg-2024-2025-arda-kardzhali-botev-plovdiv
1820209,/matches/1820209/live/bulgarie-a-pfg-2024-2025-cska-1948-botev-plovdiv
1820210,/matches/1820210/live/bulgarie-a-pfg-2024-2025-levski-sofia-arda-kardzhali
1820211,/matches/1820211/live/bulgarie-a-pfg-2024-2025-beroe-slavia-sofia
1820212,/matches/1820212/live/bulgarie-a-pfg-2024-2025-cherno-more-varna-cska-sofia
1820213,/matches/1820213/live/bulgarie-a-pfg-2024-2025-septemvri-sofia-spartak-varna
1820214,/matches/1820214/live/bulgarie-a-pfg-2024-2025-pfc-lokomotiv-sofia-1929-hebar
1820215,/matches/1820215/live/bulgarie-a-pfg-2024-2025-botev-vratsa-ludogorets-razgrad
1820216,/matches/1820216/live/bulgarie-a-pfg-2024-2025-lokomotiv-plovdiv-krumovgrad
1820217,/matches/1820217/live/bulgarie-a-pfg-2024-2025-krumovgrad-cska-1948
1820218,/matches/1820218/live/bulgarie-a-pfg-2024-2025-ludogorets-razgrad-lokomotiv-plovdiv
1820219,/matches/1820219/live/bulgarie-a-pfg-2024-2025-hebar-botev-vratsa
1820220,/matches/1820220/live/bulgarie-a-pfg-2024-2025-spartak-varna-pfc-lokomotiv-sofia-1929
1820221,/matches/1820221/live/bulgarie-a-pfg-2024-2025-cska-sofia-septemvri-sofia
1820222,/matches/1820222/live/bulgarie-a-pfg-2024-2025-slavia-sofia-cherno-more-varna
1820223,/matches/1820223/live/bulgarie-a-pfg-2024-2025-arda-kardzhali-beroe
1820224,/matches/1820224/live/bulgarie-a-pfg-2024-2025-botev-plovdiv-levski-sofia
1820225,/matches/1820225/live/bulgarie-a-pfg-2024-2025-pfc-lokomotiv-sofia-1929-ludogorets-razgrad
1820226,/matches/1820226/live/bulgarie-a-pfg-2024-2025-cska-1948-lokomotiv-plovdiv
1820227,/matches/1820227/live/bulgarie-a-pfg-2024-2025-cska-1948-levski-sofia
1820228,/matches/1820228/live/bulgarie-a-pfg-2024-2025-septemvri-sofia-hebar
1820229,/matches/1820229/live/bulgarie-a-pfg-2024-2025-botev-vratsa-krumovgrad
1820230,/matches/1820230/live/bulgarie-a-pfg-2024-2025-slavia-sofia-lokomotiv-plovdiv
1820231,/matches/1820231/live/bulgarie-a-pfg-2024-2025-beroe-botev-plovdiv
1820232,/matches/1820232/live/bulgarie-a-pfg-2024-2025-pfc-lokomotiv-sofia-1929-septemvri-sofia
1820233,/matches/1820233/live/bulgarie-a-pfg-2024-2025-arda-kardzhali-botev-vratsa
1820234,/matches/1820234/live/bulgarie-a-pfg-2024-2025-cherno-more-varna-arda-kardzhali
1820235,/matches/1820235/live/bulgarie-a-pfg-2024-2025-cska-1948-pfc-lokomotiv-sofia-1929
1820236,/matches/1820236/live/bulgarie-a-pfg-2024-2025-septemvri-sofia-botev-vratsa
1820237,/matches/1820237/live/bulgarie-a-pfg-2024-2025-septemvri-sofia-slavia-sofia
1820238,/matches/1820238/live/bulgarie-a-pfg-2024-2025-botev-plovdiv-pfc-lokomotiv-sofia-1929
1820239,/matches/1820239/live/bulgarie-a-pfg-2024-2025-cherno-more-varna-lokomotiv-plovdiv
1820240,/matches/1820240/live/bulgarie-a-pfg-2024-2025-pfc-lokomotiv-sofia-1929-cska-sofia
1820241,/matches/1820241/live/bulgarie-a-pfg-2024-2025-levski-sofia-septemvri-sofia
1820242,/matches/1820242/live/bulgarie-a-pfg-2024-2025-botev-vratsa-spartak-varna
1820243,/matches/1820243/live/bulgarie-a-pfg-2024-2025-beroe-krumovgrad
1820244,/matches/1820244/live/bulgarie-a-pfg-2024-2025-lokomotiv-plovdiv-hebar
1820245,/matches/1820245/live/bulgarie-a-pfg-2024-2025-beroe-cherno-more-varna
1820246,/matches/1820246/live/bulgarie-a-pfg-2024-2025-levski-sofia-ludogorets-razgrad
1820247,/matches/1820247/live/bulgarie-a-pfg-2024-2025-krumovgrad-ludogorets-razgrad
1820248,/matches/1820248/live/bulgarie-a-pfg-2024-2025-cska-1948-cherno-more-varna
1820249,/matches/1820249/live/bulgarie-a-pfg-2024-2025-ludogorets-razgrad-cska-1948
1820250,/matches/1820250/live/bulgarie-a-pfg-2024-2025-beroe-septemvri-sofia
1820251,/matches/1820251/live/bulgarie-a-pfg-2024-2025-hebar-krumovgrad
1820252,/matches/1820252/live/bulgarie-a-pfg-2024-2025-botev-plovdiv-hebar
1820253,/matches/1820253/live/bulgarie-a-pfg-2024-2025-levski-sofia-pfc-lokomotiv-sofia-1929
1820254,/matches/1820254/live/bulgarie-a-pfg-2024-2025-arda-kardzhali-spartak-varna
1820255,/matches/1820255/live/bulgarie-a-pfg-2024-2025-spartak-varna-lokomotiv-plovdiv
1820256,/matches/1820256/live/bulgarie-a-pfg-2024-2025-slavia-sofia-cska-sofia
1820257,/matches/1820257/live/bulgarie-a-pfg-2024-2025-botev-plovdiv-botev-vratsa
1820260,/matches/1820260/live/bulgarie-a-pfg-2024-2025-slavia-sofia-pfc-lokomotiv-sofia-1929
1820261,/matches/1820261/live/bulgarie-a-pfg-2024-2025-slavia-sofia-krumovgrad
1820262,/matches/1820262/live/bulgarie-a-pfg-2024-2025-arda-kardzhali-septemvri-sofia
1820263,/matches/1820263/live/bulgarie-a-pfg-2024-2025-cska-sofia-ludogorets-razgrad
1820264,/matches/1820264/live/bulgarie-a-pfg-2024-2025-botev-plovdiv-cherno-more-varna
1820265,/matches/1820265/live/bulgarie-a-pfg-2024-2025-spartak-varna-hebar
1820266,/matches/1820266/live/bulgarie-a-pfg-2024-2025-levski-sofia-beroe
1820267,/matches/1820267/live/bulgarie-a-pfg-2024-2025-spartak-varna-ludogorets-razgrad
1820268,/matches/1820268/live/bulgarie-a-pfg-2024-2025-hebar-cska-1948
1820269,/matches/1820269/live/bulgarie-a-pfg-2024-2025-ludogorets-razgrad-hebar
1820270,/matches/1820270/live/bulgarie-a-pfg-2024-2025-krumovgrad-spartak-varna
1820271,/matches/1820271/live/bulgarie-a-pfg-2024-2025-lokomotiv-plovdiv-cska-sofia
1820272,/matches/1820272/live/bulgarie-a-pfg-2024-2025-botev-vratsa-slavia-sofia
1820281,/matches/1820281/live/bulgarie-a-pfg-2024-2025-septemvri-sofia-botev-plovdiv
1820282,/matches/1820282/live/bulgarie-a-pfg-2024-2025-cska-1948-beroe
1820283,/matches/1820283/live/bulgarie-a-pfg-2024-2025-pfc-lokomotiv-sofia-1929-arda-kardzhali
1820284,/matches/1820284/live/bulgarie-a-pfg-2024-2025-cherno-more-varna-levski-sofia
1820301,/matches/1820301/live/bulgarie-a-pfg-2024-2025-krumovgrad-lokomotiv-plovdiv
1820302,/matches/1820302/live/bulgarie-a-pfg-2024-2025-ludogorets-razgrad-botev-vratsa
1820303,/matches/1820303/live/bulgarie-a-pfg-2024-2025-hebar-pfc-lokomotiv-sofia-1929
1820304,/matches/1820304/live/bulgarie-a-pfg-2024-2025-spartak-varna-septemvri-sofia
1820305,/matches/1820305/live/bulgarie-a-pfg-2024-2025-slavia-sofia-beroe
1820306,/matches/1820306/live/bulgarie-a-pfg-2024-2025-cska-sofia-cherno-more-varna
1820307,/matches/1820307/live/bulgarie-a-pfg-2024-2025-arda-kardzhali-levski-sofia
1820308,/matches/1820308/live/bulgarie-a-pfg-2024-2025-botev-plovdiv-cska-1948
1820317,/matches/1820317/live/bulgarie-a-pfg-2024-2025-levski-sofia-slavia-sofia
1820319,/matches/1820319/live/bulgarie-a-pfg-2024-2025-beroe-cska-sofia
1820320,/matches/1820320/live/bulgarie-a-pfg-2024-2025-botev-plovdiv-arda-kardzhali
1820328,/matches/1820328/live/bulgarie-a-pfg-2024-2025-cherno-more-varna-spartak-varna
1820329,/matches/1820329/live/bulgarie-a-pfg-2024-2025-spartak-varna-cska-1948
1820330,/matches/1820330/live/bulgarie-a-pfg-2024-2025-hebar-cska-sofia
1820331,/matches/1820331/live/bulgarie-a-pfg-2024-2025-ludogorets-razgrad-slavia-sofia
1820332,/matches/1820332/live/bulgarie-a-pfg-2024-2025-lokomotiv-plovdiv-botev-plovdiv
1820333,/matches/1820333/live/bulgarie-a-pfg-2024-2025-botev-vratsa-levski-sofia
1820334,/matches/1820334/live/bulgarie-a-pfg-2024-2025-pfc-lokomotiv-sofia-1929-beroe
1820335,/matches/1820335/live/bulgarie-a-pfg-2024-2025-septemvri-sofia-cherno-more-varna
1820336,/matches/1820336/live/bulgarie-a-pfg-2024-2025-cska-sofia-krumovgrad
1820337,/matches/1820337/live/bulgarie-a-pfg-2024-2025-cska-1948-septemvri-sofia
1820338,/matches/1820338/live/bulgarie-a-pfg-2024-2025-cherno-more-varna-pfc-lokomotiv-sofia-1929
1820339,/matches/1820339/live/bulgarie-a-pfg-2024-2025-beroe-botev-vratsa
1820340,/matches/1820340/live/bulgarie-a-pfg-2024-2025-levski-sofia-lokomotiv-plovdiv
1820341,/matches/1820341/live/bulgarie-a-pfg-2024-2025-botev-plovdiv-krumovgrad
1820342,/matches/1820342/live/bulgarie-a-pfg-2024-2025-arda-kardzhali-ludogorets-razgrad
1820343,/matches/1820343/live/bulgarie-a-pfg-2024-2025-slavia-sofia-hebar
1820344,/matches/1820344/live/bulgarie-a-pfg-2024-2025-krumovgrad-arda-kardzhali
1820345,/matches/1820345/live/bulgarie-a-pfg-2024-2025-cska-sofia-spartak-varna
1820346,/matches/1820346/live/bulgarie-a-pfg-2024-2025-cska-sofia-cska-1948
1820347,/matches/1820347/live/bulgarie-a-pfg-2024-2025-spartak-varna-slavia-sofia
1820348,/matches/1820348/live/bulgarie-a-pfg-2024-2025-hebar-arda-kardzhali
1820349,/matches/1820349/live/bulgarie-a-pfg-2024-2025-ludogorets-razgrad-botev-plovdiv
1820350,/matches/1820350/live/bulgarie-a-pfg-2024-2025-krumovgrad-levski-sofia
1820351,/matches/1820351/live/bulgarie-a-pfg-2024-2025-lokomotiv-plovdiv-beroe
1820352,/matches/1820352/live/bulgarie-a-pfg-2024-2025-botev-vratsa-cherno-more-varna
1820353,/matches/1820353/live/bulgarie-a-pfg-2024-2025-lokomotiv-plovdiv-botev-vratsa
1820354,/matches/1820354/live/bulgarie-a-pfg-2024-2025-krumovgrad-pfc-lokomotiv-sofia-1929
1820355,/matches/1820355/live/bulgarie-a-pfg-2024-2025-hebar-cherno-more-varna
1820356,/matches/1820356/live/bulgarie-a-pfg-2024-2025-ludogorets-razgrad-septemvri-sofia
1820357,/matches/1820357/live/bulgarie-a-pfg-2024-2025-cska-sofia-levski-sofia
1820358,/matches/1820358/live/bulgarie-a-pfg-2024-2025-spartak-varna-beroe
1820359,/matches/1820359/live/bulgarie-a-pfg-2024-2025-arda-kardzhali-cska-1948
1820360,/matches/1820360/live/bulgarie-a-pfg-2024-2025-slavia-sofia-botev-plovdiv
1820361,/matches/1820361/live/bulgarie-a-pfg-2024-2025-arda-kardzhali-slavia-sofia
1820362,/matches/1820362/live/bulgarie-a-pfg-2024-2025-levski-sofia-spartak-varna
1820363,/matches/1820363/live/bulgarie-a-pfg-2024-2025-botev-plovdiv-cska-sofia
1820364,/matches/1820364/live/bulgarie-a-pfg-2024-2025-beroe-hebar
1820365,/matches/1820365/live/bulgarie-a-pfg-2024-2025-cherno-more-varna-ludogorets-razgrad
1820366,/matches/1820366/live/bulgarie-a-pfg-2024-2025-cska-1948-botev-vratsa
1820367,/matches/1820367/live/bulgarie-a-pfg-2024-2025-septemvri-sofia-krumovgrad
1820368,/matches/1820368/live/bulgarie-a-pfg-2024-2025-pfc-lokomotiv-sofia-1929-lokomotiv-plovdiv
1820369,/matches/1820369/live/bulgarie-a-pfg-2024-2025-lokomotiv-plovdiv-septemvri-sofia
1820370,/matches/1820370/live/bulgarie-a-pfg-2024-2025-botev-vratsa-pfc-lokomotiv-sofia-1929
1820371,/matches/1820371/live/bulgarie-a-pfg-2024-2025-ludogorets-razgrad-beroe
1820372,/matches/1820372/live/bulgarie-a-pfg-2024-2025-krumovgrad-cherno-more-varna
1820373,/matches/1820373/live/bulgarie-a-pfg-2024-2025-hebar-levski-sofia
1820374,/matches/1820374/live/bulgarie-a-pfg-2024-2025-spartak-varna-botev-plovdiv
1820375,/matches/1820375/live/bulgarie-a-pfg-2024-2025-cska-sofia-arda-kardzhali
1820376,/matches/1820376/live/bulgarie-a-pfg-2024-2025-slavia-sofia-cska-1948
1820377,/matches/1820377/live/bulgarie-b-pfg-2024-2025-sportist-svoge-pirin-blagoevgrad
1820378,/matches/1820378/live/bulgarie-b-pfg-2024-2025-etar-strumska-slava
1820379,/matches/1820379/live/bulgarie-b-pfg-2024-2025-spartak-pleven-dobrudzha-dobrich
1820380,/matches/1820380/live/bulgarie-b-pfg-2024-2025-nesebar-lovech
1820381,/matches/1820381/live/bulgarie-b-pfg-2024-2025-ludogorets-razgrad-ii-dunav-ruse
1820382,/matches/1820382/live/bulgarie-b-pfg-2024-2025-pfc-cska-sofia-ii-sportist-svoge
1820383,/matches/1820383/live/bulgarie-b-pfg-2024-2025-montana-cska-1948-ii
1820384,/matches/1820384/live/bulgarie-b-pfg-2024-2025-yantra-lokomotiv-gorna-oryahovitsa
1820385,/matches/1820385/live/bulgarie-b-pfg-2024-2025-lokomotiv-gorna-oryahovitsa-minyor-pernik
1820386,/matches/1820386/live/bulgarie-b-pfg-2024-2025-minyor-pernik-marek-dupnitsa
1820387,/matches/1820387/live/bulgarie-b-pfg-2024-2025-belasitsa-petrich-etar
1820388,/matches/1820388/live/bulgarie-b-pfg-2024-2025-strumska-slava-botev-plovdiv-ii
1820389,/matches/1820389/live/bulgarie-b-pfg-2024-2025-cska-1948-ii-yantra
1820390,/matches/1820390/live/bulgarie-b-pfg-2024-2025-pirin-blagoevgrad-botev-plovdiv-ii
1820391,/matches/1820391/live/bulgarie-b-pfg-2024-2025-dunav-ruse-montana
1820392,/matches/1820392/live/bulgarie-b-pfg-2024-2025-cska-1948-ii-ludogorets-razgrad-ii
1820393,/matches/1820393/live/bulgarie-b-pfg-2024-2025-dunav-ruse-nesebar
1820394,/matches/1820394/live/bulgarie-b-pfg-2024-2025-marek-dupnitsa-belasitsa-petrich
1820395,/matches/1820395/live/bulgarie-b-pfg-2024-2025-lovech-spartak-pleven
1820396,/matches/1820396/live/bulgarie-b-pfg-2024-2025-dobrudzha-dobrich-pfc-cska-sofia-ii
1820397,/matches/1820397/live/bulgarie-b-pfg-2024-2025-lovech-ludogorets-razgrad-ii
1820398,/matches/1820398/live/bulgarie-b-pfg-2024-2025-dobrudzha-dobrich-nesebar
1820399,/matches/1820399/live/bulgarie-b-pfg-2024-2025-sportist-svoge-fratria
1820400,/matches/1820400/live/bulgarie-b-pfg-2024-2025-fratria-pirin-blagoevgrad
1820401,/matches/1820401/live/bulgarie-b-pfg-2024-2025-sportist-svoge-spartak-pleven
1820402,/matches/1820402/live/bulgarie-b-pfg-2024-2025-fratria-pfc-cska-sofia-ii
1820403,/matches/1820403/live/bulgarie-b-pfg-2024-2025-etar-minyor-pernik
1820404,/matches/1820404/live/bulgarie-b-pfg-2024-2025-spartak-pleven-dunav-ruse
1820405,/matches/1820405/live/bulgarie-b-pfg-2024-2025-nesebar-cska-1948-ii
1820406,/matches/1820406/live/bulgarie-b-pfg-2024-2025-ludogorets-razgrad-ii-lokomotiv-gorna-oryahovitsa
1820407,/matches/1820407/live/bulgarie-b-pfg-2024-2025-montana-marek-dupnitsa
1820408,/matches/1820408/live/bulgarie-b-pfg-2024-2025-yantra-etar
1820409,/matches/1820409/live/bulgarie-b-pfg-2024-2025-minyor-pernik-botev-plovdiv-ii
1820410,/matches/1820410/live/bulgarie-b-pfg-2024-2025-belasitsa-petrich-strumska-slava
1820411,/matches/1820411/live/bulgarie-b-pfg-2024-2025-pirin-blagoevgrad-strumska-slava
1820412,/matches/1820412/live/bulgarie-b-pfg-2024-2025-botev-plovdiv-ii-belasitsa-petrich
1820413,/matches/1820413/live/bulgarie-b-pfg-2024-2025-pfc-cska-sofia-ii-lovech
1820414,/matches/1820414/live/bulgarie-b-pfg-2024-2025-marek-dupnitsa-yantra
1820415,/matches/1820415/live/bulgarie-b-pfg-2024-2025-lokomotiv-gorna-oryahovitsa-montana
1820416,/matches/1820416/live/bulgarie-b-pfg-2024-2025-etar-marek-dupnitsa
1820417,/matches/1820417/live/bulgarie-b-pfg-2024-2025-spartak-pleven-pirin-blagoevgrad
1820418,/matches/1820418/live/bulgarie-b-pfg-2024-2025-nesebar-pfc-cska-sofia-ii
1820419,/matches/1820419/live/bulgarie-b-pfg-2024-2025-ludogorets-razgrad-ii-fratria
1820420,/matches/1820420/live/bulgarie-b-pfg-2024-2025-montana-sportist-svoge
1820421,/matches/1820421/live/bulgarie-b-pfg-2024-2025-yantra-dobrudzha-dobrich
1820422,/matches/1820422/live/bulgarie-b-pfg-2024-2025-minyor-pernik-lovech
1820423,/matches/1820423/live/bulgarie-b-pfg-2024-2025-belasitsa-petrich-dunav-ruse
1820424,/matches/1820424/live/bulgarie-b-pfg-2024-2025-strumska-slava-cska-1948-ii
1820425,/matches/1820425/live/bulgarie-b-pfg-2024-2025-botev-plovdiv-ii-lokomotiv-gorna-oryahovitsa
1820426,/matches/1820426/live/bulgarie-b-pfg-2024-2025-dunav-ruse-strumska-slava
1820427,/matches/1820427/live/bulgarie-b-pfg-2024-2025-lovech-belasitsa-petrich
1820428,/matches/1820428/live/bulgarie-b-pfg-2024-2025-dobrudzha-dobrich-minyor-pernik
1820429,/matches/1820429/live/bulgarie-b-pfg-2024-2025-sportist-svoge-yantra
1820430,/matches/1820430/live/bulgarie-b-pfg-2024-2025-fratria-montana
1820431,/matches/1820431/live/bulgarie-b-pfg-2024-2025-ludogorets-razgrad-ii-spartak-pleven
1820432,/matches/1820432/live/bulgarie-b-pfg-2024-2025-etar-pfc-cska-sofia-ii
1820433,/matches/1820433/live/bulgarie-b-pfg-2024-2025-spartak-pleven-strumska-slava
1820434,/matches/1820434/live/bulgarie-b-pfg-2024-2025-nesebar-belasitsa-petrich
1820435,/matches/1820435/live/bulgarie-b-pfg-2024-2025-ludogorets-razgrad-ii-minyor-pernik
1820436,/matches/1820436/live/bulgarie-b-pfg-2024-2025-yantra-pirin-blagoevgrad
1820437,/matches/1820437/live/bulgarie-b-pfg-2024-2025-etar-cska-1948-ii
1820438,/matches/1820438/live/bulgarie-b-pfg-2024-2025-minyor-pernik-montana
1820439,/matches/1820439/live/bulgarie-b-pfg-2024-2025-belasitsa-petrich-ludogorets-razgrad-ii
1820440,/matches/1820440/live/bulgarie-b-pfg-2024-2025-strumska-slava-nesebar
1820441,/matches/1820441/live/bulgarie-b-pfg-2024-2025-botev-plovdiv-ii-spartak-pleven
1820442,/matches/1820442/live/bulgarie-b-pfg-2024-2025-pfc-cska-sofia-ii-botev-plovdiv-ii
1820443,/matches/1820443/live/bulgarie-b-pfg-2024-2025-marek-dupnitsa-fratria
1820444,/matches/1820444/live/bulgarie-b-pfg-2024-2025-pirin-blagoevgrad-lokomotiv-gorna-oryahovitsa
1820445,/matches/1820445/live/bulgarie-b-pfg-2024-2025-lokomotiv-gorna-oryahovitsa-sportist-svoge
1820446,/matches/1820446/live/bulgarie-b-pfg-2024-2025-marek-dupnitsa-lokomotiv-gorna-oryahovitsa
1820447,/matches/1820447/live/bulgarie-b-pfg-2024-2025-cska-1948-ii-dobrudzha-dobrich
1820448,/matches/1820448/live/bulgarie-b-pfg-2024-2025-botev-plovdiv-ii-dunav-ruse
1820449,/matches/1820449/live/bulgarie-b-pfg-2024-2025-dunav-ruse-lovech
1820450,/matches/1820450/live/bulgarie-b-pfg-2024-2025-pirin-blagoevgrad-lovech
1820451,/matches/1820451/live/bulgarie-b-pfg-2024-2025-dobrudzha-dobrich-dunav-ruse
1820452,/matches/1820452/live/bulgarie-b-pfg-2024-2025-sportist-svoge-cska-1948-ii
1820453,/matches/1820453/live/bulgarie-b-pfg-2024-2025-fratria-lokomotiv-gorna-oryahovitsa
1820454,/matches/1820454/live/bulgarie-b-pfg-2024-2025-etar-sportist-svoge
1820455,/matches/1820455/live/bulgarie-b-pfg-2024-2025-spartak-pleven-minyor-pernik
1820456,/matches/1820456/live/bulgarie-b-pfg-2024-2025-nesebar-yantra
1820457,/matches/1820457/live/bulgarie-b-pfg-2024-2025-ludogorets-razgrad-ii-montana
1820458,/matches/1820458/live/bulgarie-b-pfg-2024-2025-montana-pirin-blagoevgrad
1820459,/matches/1820459/live/bulgarie-b-pfg-2024-2025-yantra-ludogorets-razgrad-ii
1820460,/matches/1820460/live/bulgarie-b-pfg-2024-2025-pfc-cska-sofia-ii-belasitsa-petrich
1820461,/matches/1820461/live/bulgarie-b-pfg-2024-2025-fratria-dobrudzha-dobrich
1820462,/matches/1820462/live/bulgarie-b-pfg-2024-2025-pfc-cska-sofia-ii-spartak-pleven
1820463,/matches/1820463/live/bulgarie-b-pfg-2024-2025-pirin-blagoevgrad-marek-dupnitsa
1820464,/matches/1820464/live/bulgarie-b-pfg-2024-2025-lokomotiv-gorna-oryahovitsa-etar
1820465,/matches/1820465/live/bulgarie-b-pfg-2024-2025-cska-1948-ii-botev-plovdiv-ii
1820466,/matches/1820466/live/bulgarie-b-pfg-2024-2025-pirin-blagoevgrad-etar
1820467,/matches/1820467/live/bulgarie-b-pfg-2024-2025-spartak-pleven-fratria
1820468,/matches/1820468/live/bulgarie-b-pfg-2024-2025-nesebar-sportist-svoge
1820469,/matches/1820469/live/bulgarie-b-pfg-2024-2025-ludogorets-razgrad-ii-dobrudzha-dobrich
1820470,/matches/1820470/live/bulgarie-b-pfg-2024-2025-montana-lovech
1820471,/matches/1820471/live/bulgarie-b-pfg-2024-2025-yantra-dunav-ruse
1820472,/matches/1820472/live/bulgarie-b-pfg-2024-2025-minyor-pernik-cska-1948-ii
1820473,/matches/1820473/live/bulgarie-b-pfg-2024-2025-belasitsa-petrich-lokomotiv-gorna-oryahovitsa
1820474,/matches/1820474/live/bulgarie-b-pfg-2024-2025-strumska-slava-marek-dupnitsa
1820475,/matches/1820475/live/bulgarie-b-pfg-2024-2025-botev-plovdiv-ii-etar
1820476,/matches/1820476/live/bulgarie-b-pfg-2024-2025-pfc-cska-sofia-ii-pirin-blagoevgrad
1820477,/matches/1820477/live/bulgarie-b-pfg-2024-2025-marek-dupnitsa-botev-plovdiv-ii
1820478,/matches/1820478/live/bulgarie-b-pfg-2024-2025-lokomotiv-gorna-oryahovitsa-strumska-slava
1820479,/matches/1820479/live/bulgarie-b-pfg-2024-2025-cska-1948-ii-belasitsa-petrich
1820480,/matches/1820480/live/bulgarie-b-pfg-2024-2025-dunav-ruse-minyor-pernik
1820481,/matches/1820481/live/bulgarie-b-pfg-2024-2025-lovech-yantra
1820482,/matches/1820482/live/bulgarie-b-pfg-2024-2025-dobrudzha-dobrich-montana
1820483,/matches/1820483/live/bulgarie-b-pfg-2024-2025-sportist-svoge-ludogorets-razgrad-ii
1820484,/matches/1820484/live/bulgarie-b-pfg-2024-2025-fratria-nesebar
1820485,/matches/1820485/live/bulgarie-b-pfg-2024-2025-pfc-cska-sofia-ii-yantra
1820486,/matches/1820486/live/bulgarie-b-pfg-2024-2025-fratria-minyor-pernik
1820487,/matches/1820487/live/bulgarie-b-pfg-2024-2025-sportist-svoge-belasitsa-petrich
1820488,/matches/1820488/live/bulgarie-b-pfg-2024-2025-dobrudzha-dobrich-strumska-slava
1820489,/matches/1820489/live/bulgarie-b-pfg-2024-2025-lovech-botev-plovdiv-ii
1820490,/matches/1820490/live/bulgarie-b-pfg-2024-2025-dunav-ruse-etar
1820491,/matches/1820491/live/bulgarie-b-pfg-2024-2025-cska-1948-ii-marek-dupnitsa
1820492,/matches/1820492/live/bulgarie-b-pfg-2024-2025-pfc-cska-sofia-ii-ludogorets-razgrad-ii
1820493,/matches/1820493/live/bulgarie-b-pfg-2024-2025-strumska-slava-lovech
1820494,/matches/1820494/live/bulgarie-b-pfg-2024-2025-belasitsa-petrich-dobrudzha-dobrich
1820495,/matches/1820495/live/bulgarie-b-pfg-2024-2025-minyor-pernik-sportist-svoge
1820496,/matches/1820496/live/bulgarie-b-pfg-2024-2025-yantra-fratria
1820497,/matches/1820497/live/bulgarie-b-pfg-2024-2025-montana-pfc-cska-sofia-ii
1820498,/matches/1820498/live/bulgarie-b-pfg-2024-2025-nesebar-pirin-blagoevgrad
1820499,/matches/1820499/live/bulgarie-b-pfg-2024-2025-spartak-pleven-nesebar
1820500,/matches/1820500/live/bulgarie-b-pfg-2024-2025-etar-lovech
1820501,/matches/1820501/live/bulgarie-b-pfg-2024-2025-fratria-strumska-slava
1820502,/matches/1820502/live/bulgarie-b-pfg-2024-2025-sportist-svoge-botev-plovdiv-ii
1820503,/matches/1820503/live/bulgarie-b-pfg-2024-2025-dobrudzha-dobrich-etar
1820504,/matches/1820504/live/bulgarie-b-pfg-2024-2025-lovech-marek-dupnitsa
1820505,/matches/1820505/live/bulgarie-b-pfg-2024-2025-dunav-ruse-lokomotiv-gorna-oryahovitsa
1820506,/matches/1820506/live/bulgarie-b-pfg-2024-2025-pirin-blagoevgrad-cska-1948-ii
1820507,/matches/1820507/live/bulgarie-b-pfg-2024-2025-lokomotiv-gorna-oryahovitsa-cska-1948-ii
1820510,/matches/1820510/live/bulgarie-b-pfg-2024-2025-botev-plovdiv-ii-dobrudzha-dobrich
1820511,/matches/1820511/live/bulgarie-b-pfg-2024-2025-strumska-slava-sportist-svoge
1820512,/matches/1820512/live/bulgarie-b-pfg-2024-2025-belasitsa-petrich-fratria
1820513,/matches/1820513/live/bulgarie-b-pfg-2024-2025-minyor-pernik-pfc-cska-sofia-ii
1820514,/matches/1820514/live/bulgarie-b-pfg-2024-2025-yantra-spartak-pleven
1820515,/matches/1820515/live/bulgarie-b-pfg-2024-2025-montana-nesebar
1820516,/matches/1820516/live/bulgarie-b-pfg-2024-2025-ludogorets-razgrad-ii-pirin-blagoevgrad
1820517,/matches/1820517/live/bulgarie-b-pfg-2024-2025-nesebar-ludogorets-razgrad-ii
1820518,/matches/1820518/live/bulgarie-b-pfg-2024-2025-dunav-ruse-ludogorets-razgrad-ii
1820519,/matches/1820519/live/bulgarie-b-pfg-2024-2025-nesebar-marek-dupnitsa
1820520,/matches/1820520/live/bulgarie-b-pfg-2024-2025-etar-montana
1820521,/matches/1820521/live/bulgarie-b-pfg-2024-2025-lovech-nesebar
1820522,/matches/1820522/live/bulgarie-b-pfg-2024-2025-dobrudzha-dobrich-spartak-pleven
1820523,/matches/1820523/live/bulgarie-b-pfg-2024-2025-sportist-svoge-pfc-cska-sofia-ii
1820524,/matches/1820524/live/bulgarie-b-pfg-2024-2025-pirin-blagoevgrad-fratria
1820525,/matches/1820525/live/bulgarie-b-pfg-2024-2025-ludogorets-razgrad-ii-etar
1820526,/matches/1820526/live/bulgarie-b-pfg-2024-2025-fratria-sportist-svoge
1820527,/matches/1820527/live/bulgarie-b-pfg-2024-2025-spartak-pleven-lokomotiv-gorna-oryahovitsa
1820528,/matches/1820528/live/bulgarie-b-pfg-2024-2025-montana-botev-plovdiv-ii
1820529,/matches/1820529/live/bulgarie-b-pfg-2024-2025-pfc-cska-sofia-ii-dobrudzha-dobrich
1820530,/matches/1820530/live/bulgarie-b-pfg-2024-2025-yantra-strumska-slava
1820531,/matches/1820531/live/bulgarie-b-pfg-2024-2025-minyor-pernik-belasitsa-petrich
1820532,/matches/1820532/live/bulgarie-b-pfg-2024-2025-belasitsa-petrich-pirin-blagoevgrad
1820533,/matches/1820533/live/bulgarie-b-pfg-2024-2025-lovech-fratria
1820534,/matches/1820534/live/bulgarie-b-pfg-2024-2025-spartak-pleven-lovech
1820535,/matches/1820535/live/bulgarie-b-pfg-2024-2025-etar-nesebar
1820536,/matches/1820536/live/bulgarie-b-pfg-2024-2025-spartak-pleven-etar
1820537,/matches/1820537/live/bulgarie-b-pfg-2024-2025-nesebar-dunav-ruse
1820538,/matches/1820538/live/bulgarie-b-pfg-2024-2025-strumska-slava-minyor-pernik
1820539,/matches/1820539/live/bulgarie-b-pfg-2024-2025-montana-lokomotiv-gorna-oryahovitsa
1820540,/matches/1820540/live/bulgarie-b-pfg-2024-2025-botev-plovdiv-ii-yantra
1820541,/matches/1820541/live/bulgarie-b-pfg-2024-2025-yantra-marek-dupnitsa
1820542,/matches/1820542/live/bulgarie-b-pfg-2024-2025-nesebar-botev-plovdiv-ii
1820543,/matches/1820543/live/bulgarie-b-pfg-2024-2025-pfc-cska-sofia-ii-cska-1948-ii
1820544,/matches/1820544/live/bulgarie-b-pfg-2024-2025-ludogorets-razgrad-ii-cska-1948-ii
1820545,/matches/1820545/live/bulgarie-b-pfg-2024-2025-marek-dupnitsa-ludogorets-razgrad-ii
1820546,/matches/1820546/live/bulgarie-b-pfg-2024-2025-lokomotiv-gorna-oryahovitsa-nesebar
1820547,/matches/1820547/live/bulgarie-b-pfg-2024-2025-ludogorets-razgrad-ii-strumska-slava
1820548,/matches/1820548/live/bulgarie-b-pfg-2024-2025-montana-belasitsa-petrich
1820549,/matches/1820549/live/bulgarie-b-pfg-2024-2025-cska-1948-ii-spartak-pleven
1820550,/matches/1820550/live/bulgarie-b-pfg-2024-2025-dunav-ruse-pfc-cska-sofia-ii
1820551,/matches/1820551/live/bulgarie-b-pfg-2024-2025-yantra-minyor-pernik
1820552,/matches/1820552/live/bulgarie-b-pfg-2024-2025-dobrudzha-dobrich-sportist-svoge
1820553,/matches/1820553/live/bulgarie-b-pfg-2024-2025-pirin-blagoevgrad-sportist-svoge
1820554,/matches/1820554/live/bulgarie-b-pfg-2024-2025-minyor-pernik-pirin-blagoevgrad
1820555,/matches/1820555/live/bulgarie-b-pfg-2024-2025-belasitsa-petrich-yantra
1820556,/matches/1820556/live/bulgarie-b-pfg-2024-2025-strumska-slava-montana
1820557,/matches/1820557/live/bulgarie-b-pfg-2024-2025-botev-plovdiv-ii-ludogorets-razgrad-ii
1820558,/matches/1820558/live/bulgarie-b-pfg-2024-2025-dobrudzha-dobrich-fratria
1820559,/matches/1820559/live/bulgarie-b-pfg-2024-2025-pfc-cska-sofia-ii-marek-dupnitsa
1820560,/matches/1820560/live/bulgarie-b-pfg-2024-2025-cska-1948-ii-fratria
1820561,/matches/1820561/live/bulgarie-b-pfg-2024-2025-dunav-ruse-sportist-svoge
1820562,/matches/1820562/live/bulgarie-b-pfg-2024-2025-marek-dupnitsa-spartak-pleven
1820563,/matches/1820563/live/bulgarie-b-pfg-2024-2025-lokomotiv-gorna-oryahovitsa-pfc-cska-sofia-ii
1820564,/matches/1820564/live/bulgarie-b-pfg-2024-2025-lovech-dobrudzha-dobrich
1820565,/matches/1820565/live/bulgarie-b-pfg-2024-2025-pirin-blagoevgrad-dobrudzha-dobrich
1820566,/matches/1820566/live/bulgarie-b-pfg-2024-2025-sportist-svoge-lovech
1820567,/matches/1820567/live/bulgarie-b-pfg-2024-2025-fratria-dunav-ruse
1820568,/matches/1820568/live/bulgarie-b-pfg-2024-2025-dunav-ruse-spartak-pleven
1820569,/matches/1820569/live/bulgarie-b-pfg-2024-2025-marek-dupnitsa-minyor-pernik
1820570,/matches/1820570/live/bulgarie-b-pfg-2024-2025-lokomotiv-gorna-oryahovitsa-yantra
1820571,/matches/1820571/live/bulgarie-b-pfg-2024-2025-cska-1948-ii-montana
1820572,/matches/1820572/live/bulgarie-b-pfg-2024-2025-lovech-pfc-cska-sofia-ii
1820573,/matches/1820573/live/bulgarie-b-pfg-2024-2025-cska-1948-ii-nesebar
1820574,/matches/1820574/live/bulgarie-b-pfg-2024-2025-lokomotiv-gorna-oryahovitsa-ludogorets-razgrad-ii
1820575,/matches/1820575/live/bulgarie-b-pfg-2024-2025-marek-dupnitsa-montana
1820576,/matches/1820576/live/bulgarie-b-pfg-2024-2025-etar-yantra
1820577,/matches/1820577/live/bulgarie-b-pfg-2024-2025-botev-plovdiv-ii-minyor-pernik
1820578,/matches/1820578/live/bulgarie-b-pfg-2024-2025-strumska-slava-pirin-blagoevgrad
1820579,/matches/1820579/live/bulgarie-b-pfg-2024-2025-belasitsa-petrich-botev-plovdiv-ii
1820580,/matches/1820580/live/bulgarie-b-pfg-2024-2025-minyor-pernik-etar
1820581,/matches/1820581/live/bulgarie-b-pfg-2024-2025-strumska-slava-belasitsa-petrich
1820582,/matches/1820582/live/bulgarie-b-pfg-2024-2025-pfc-cska-sofia-ii-fratria
1820583,/matches/1820583/live/bulgarie-b-pfg-2024-2025-spartak-pleven-sportist-svoge
1820584,/matches/1820584/live/bulgarie-b-pfg-2024-2025-nesebar-dobrudzha-dobrich
1820585,/matches/1820585/live/bulgarie-b-pfg-2024-2025-ludogorets-razgrad-ii-lovech
1820586,/matches/1820586/live/bulgarie-b-pfg-2024-2025-montana-dunav-ruse
1820587,/matches/1820587/live/bulgarie-b-pfg-2024-2025-yantra-cska-1948-ii
1820588,/matches/1820588/live/bulgarie-b-pfg-2024-2025-minyor-pernik-lokomotiv-gorna-oryahovitsa
1820589,/matches/1820589/live/bulgarie-b-pfg-2024-2025-belasitsa-petrich-marek-dupnitsa
1820590,/matches/1820590/live/bulgarie-b-pfg-2024-2025-strumska-slava-etar
1820591,/matches/1820591/live/bulgarie-b-pfg-2024-2025-botev-plovdiv-ii-pirin-blagoevgrad
1820592,/matches/1820592/live/bulgarie-b-pfg-2024-2025-botev-plovdiv-ii-strumska-slava
1820593,/matches/1820593/live/bulgarie-b-pfg-2024-2025-etar-belasitsa-petrich
1820594,/matches/1820594/live/bulgarie-b-pfg-2024-2025-montana-yantra
1820595,/matches/1820595/live/bulgarie-b-pfg-2024-2025-minyor-pernik-nesebar
1820596,/matches/1820596/live/bulgarie-b-pfg-2024-2025-belasitsa-petrich-spartak-pleven
1820597,/matches/1820597/live/bulgarie-b-pfg-2024-2025-strumska-slava-pfc-cska-sofia-ii
1820598,/matches/1820598/live/bulgarie-b-pfg-2024-2025-botev-plovdiv-ii-fratria
1820599,/matches/1820599/live/bulgarie-b-pfg-2024-2025-marek-dupnitsa-dobrudzha-dobrich
1820600,/matches/1820600/live/bulgarie-b-pfg-2024-2025-lokomotiv-gorna-oryahovitsa-lovech
1820601,/matches/1820601/live/bulgarie-b-pfg-2024-2025-cska-1948-ii-dunav-ruse
1820602,/matches/1820602/live/bulgarie-b-pfg-2024-2025-pirin-blagoevgrad-dunav-ruse
1820603,/matches/1820603/live/bulgarie-b-pfg-2024-2025-lovech-cska-1948-ii
1820604,/matches/1820604/live/bulgarie-b-pfg-2024-2025-dobrudzha-dobrich-lokomotiv-gorna-oryahovitsa
1820605,/matches/1820605/live/bulgarie-b-pfg-2024-2025-sportist-svoge-marek-dupnitsa
1820606,/matches/1820606/live/bulgarie-b-pfg-2024-2025-fratria-etar
1820607,/matches/1820607/live/bulgarie-b-pfg-2024-2025-etar-lokomotiv-gorna-oryahovitsa
1820608,/matches/1820608/live/bulgarie-b-pfg-2024-2025-botev-plovdiv-ii-cska-1948-ii
1820609,/matches/1820609/live/bulgarie-b-pfg-2024-2025-strumska-slava-dunav-ruse
1820610,/matches/1820610/live/bulgarie-b-pfg-2024-2025-marek-dupnitsa-etar
1820611,/matches/1820611/live/bulgarie-b-pfg-2024-2025-belasitsa-petrich-lovech
1820612,/matches/1820612/live/bulgarie-b-pfg-2024-2025-minyor-pernik-dobrudzha-dobrich
1820613,/matches/1820613/live/bulgarie-b-pfg-2024-2025-pirin-blagoevgrad-spartak-pleven
1820614,/matches/1820614/live/bulgarie-b-pfg-2024-2025-pfc-cska-sofia-ii-nesebar
1820615,/matches/1820615/live/bulgarie-b-pfg-2024-2025-yantra-sportist-svoge
1820616,/matches/1820616/live/bulgarie-b-pfg-2024-2025-fratria-ludogorets-razgrad-ii
1820617,/matches/1820617/live/bulgarie-b-pfg-2024-2025-sportist-svoge-montana
1820618,/matches/1820618/live/bulgarie-b-pfg-2024-2025-dobrudzha-dobrich-yantra
1820619,/matches/1820619/live/bulgarie-b-pfg-2024-2025-lovech-minyor-pernik
1820620,/matches/1820620/live/bulgarie-b-pfg-2024-2025-dunav-ruse-belasitsa-petrich
1820621,/matches/1820621/live/bulgarie-b-pfg-2024-2025-montana-fratria
1820622,/matches/1820622/live/bulgarie-b-pfg-2024-2025-cska-1948-ii-strumska-slava
1820623,/matches/1820623/live/bulgarie-b-pfg-2024-2025-lokomotiv-gorna-oryahovitsa-botev-plovdiv-ii
1820624,/matches/1820624/live/bulgarie-b-pfg-2024-2025-lokomotiv-gorna-oryahovitsa-belasitsa-petrich
1820625,/matches/1820625/live/bulgarie-b-pfg-2024-2025-marek-dupnitsa-strumska-slava
1820626,/matches/1820626/live/bulgarie-b-pfg-2024-2025-spartak-pleven-pfc-cska-sofia-ii
1820627,/matches/1820627/live/bulgarie-b-pfg-2024-2025-etar-botev-plovdiv-ii
1820628,/matches/1820628/live/bulgarie-b-pfg-2024-2025-marek-dupnitsa-pirin-blagoevgrad
1820629,/matches/1820629/live/bulgarie-b-pfg-2024-2025-etar-pirin-blagoevgrad
1820630,/matches/1820630/live/bulgarie-b-pfg-2024-2025-fratria-spartak-pleven
1820631,/matches/1820631/live/bulgarie-b-pfg-2024-2025-sportist-svoge-nesebar
1820632,/matches/1820632/live/bulgarie-b-pfg-2024-2025-dobrudzha-dobrich-ludogorets-razgrad-ii
1820633,/matches/1820633/live/bulgarie-b-pfg-2024-2025-lovech-montana
1820634,/matches/1820634/live/bulgarie-b-pfg-2024-2025-dunav-ruse-yantra
1820635,/matches/1820635/live/bulgarie-b-pfg-2024-2025-cska-1948-ii-minyor-pernik
1820636,/matches/1820636/live/bulgarie-b-pfg-2024-2025-pirin-blagoevgrad-pfc-cska-sofia-ii
1820637,/matches/1820637/live/bulgarie-b-pfg-2024-2025-botev-plovdiv-ii-marek-dupnitsa
1820638,/matches/1820638/live/bulgarie-b-pfg-2024-2025-strumska-slava-lokomotiv-gorna-oryahovitsa
1820639,/matches/1820639/live/bulgarie-b-pfg-2024-2025-belasitsa-petrich-cska-1948-ii
1820640,/matches/1820640/live/bulgarie-b-pfg-2024-2025-minyor-pernik-dunav-ruse
1820641,/matches/1820641/live/bulgarie-b-pfg-2024-2025-yantra-lovech
1820642,/matches/1820642/live/bulgarie-b-pfg-2024-2025-montana-dobrudzha-dobrich
1820643,/matches/1820643/live/bulgarie-b-pfg-2024-2025-ludogorets-razgrad-ii-sportist-svoge
1820644,/matches/1820644/live/bulgarie-b-pfg-2024-2025-nesebar-fratria
1820648,/matches/1820648/live/bulgarie-b-pfg-2024-2025-nesebar-spartak-pleven
1820659,/matches/1820659/live/bulgarie-b-pfg-2024-2025-ludogorets-razgrad-ii-pfc-cska-sofia-ii
,
,
,
,
,
,
