link,num_lien
https://fr.whoscored.com/matches/1820004,1820004
https://fr.whoscored.com/matches/1820006,1820006
https://fr.whoscored.com/matches/1820008,1820008
https://fr.whoscored.com/matches/1820010,1820010
https://fr.whoscored.com/matches/1820012,1820012
https://fr.whoscored.com/matches/1820014,1820014
https://fr.whoscored.com/matches/1820016,1820016
https://fr.whoscored.com/matches/1820018,1820018
https://fr.whoscored.com/matches/1820020,1820020
https://fr.whoscored.com/matches/1820022,1820022
https://fr.whoscored.com/matches/1820024,1820024
https://fr.whoscored.com/matches/1820026,1820026
https://fr.whoscored.com/matches/1820028,1820028
https://fr.whoscored.com/matches/1820029,1820029
https://fr.whoscored.com/matches/1820030,1820030
https://fr.whoscored.com/matches/1820031,1820031
https://fr.whoscored.com/matches/1820032,1820032
https://fr.whoscored.com/matches/1820033,1820033
https://fr.whoscored.com/matches/1820034,1820034
https://fr.whoscored.com/matches/1820035,1820035
https://fr.whoscored.com/matches/1820036,1820036
https://fr.whoscored.com/matches/1820037,1820037
https://fr.whoscored.com/matches/1820038,1820038
https://fr.whoscored.com/matches/1820039,1820039
https://fr.whoscored.com/matches/1820040,1820040
https://fr.whoscored.com/matches/1820041,1820041
https://fr.whoscored.com/matches/1820042,1820042
https://fr.whoscored.com/matches/1820043,1820043
https://fr.whoscored.com/matches/1820067,1820067
https://fr.whoscored.com/matches/1820072,1820072
https://fr.whoscored.com/matches/1820073,1820073
https://fr.whoscored.com/matches/1820087,1820087
https://fr.whoscored.com/matches/1820088,1820088
https://fr.whoscored.com/matches/1820089,1820089
https://fr.whoscored.com/matches/1820090,1820090
https://fr.whoscored.com/matches/1820091,1820091
https://fr.whoscored.com/matches/1820092,1820092
https://fr.whoscored.com/matches/1820093,1820093
https://fr.whoscored.com/matches/1820094,1820094
https://fr.whoscored.com/matches/1820095,1820095
https://fr.whoscored.com/matches/1820096,1820096
https://fr.whoscored.com/matches/1820097,1820097
https://fr.whoscored.com/matches/1820098,1820098
https://fr.whoscored.com/matches/1820099,1820099
https://fr.whoscored.com/matches/1820100,1820100
https://fr.whoscored.com/matches/1820101,1820101
https://fr.whoscored.com/matches/1820102,1820102
https://fr.whoscored.com/matches/1820103,1820103
https://fr.whoscored.com/matches/1820104,1820104
https://fr.whoscored.com/matches/1820105,1820105
https://fr.whoscored.com/matches/1820106,1820106
https://fr.whoscored.com/matches/1820107,1820107
https://fr.whoscored.com/matches/1820108,1820108
https://fr.whoscored.com/matches/1820109,1820109
https://fr.whoscored.com/matches/1820110,1820110
https://fr.whoscored.com/matches/1820111,1820111
https://fr.whoscored.com/matches/1820112,1820112
https://fr.whoscored.com/matches/1820113,1820113
https://fr.whoscored.com/matches/1820114,1820114
https://fr.whoscored.com/matches/1820115,1820115
https://fr.whoscored.com/matches/1820116,1820116
https://fr.whoscored.com/matches/1820117,1820117
https://fr.whoscored.com/matches/1820118,1820118
https://fr.whoscored.com/matches/1820119,1820119
https://fr.whoscored.com/matches/1820120,1820120
https://fr.whoscored.com/matches/1820121,1820121
https://fr.whoscored.com/matches/1820122,1820122
https://fr.whoscored.com/matches/1820123,1820123
https://fr.whoscored.com/matches/1820124,1820124
https://fr.whoscored.com/matches/1820125,1820125
https://fr.whoscored.com/matches/1820126,1820126
https://fr.whoscored.com/matches/1820127,1820127
https://fr.whoscored.com/matches/1820128,1820128
https://fr.whoscored.com/matches/1820129,1820129
https://fr.whoscored.com/matches/1820130,1820130
https://fr.whoscored.com/matches/1820131,1820131
https://fr.whoscored.com/matches/1820132,1820132
https://fr.whoscored.com/matches/1820133,1820133
https://fr.whoscored.com/matches/1820134,1820134
https://fr.whoscored.com/matches/1820135,1820135
https://fr.whoscored.com/matches/1820136,1820136
https://fr.whoscored.com/matches/1820273,1820273
https://fr.whoscored.com/matches/1820274,1820274
https://fr.whoscored.com/matches/1820275,1820275
https://fr.whoscored.com/matches/1820276,1820276
https://fr.whoscored.com/matches/1820277,1820277
https://fr.whoscored.com/matches/1820278,1820278
https://fr.whoscored.com/matches/1820279,1820279
https://fr.whoscored.com/matches/1820280,1820280
https://fr.whoscored.com/matches/1820285,1820285
https://fr.whoscored.com/matches/1820286,1820286
https://fr.whoscored.com/matches/1820287,1820287
https://fr.whoscored.com/matches/1820288,1820288
https://fr.whoscored.com/matches/1820289,1820289
https://fr.whoscored.com/matches/1820290,1820290
https://fr.whoscored.com/matches/1820291,1820291
https://fr.whoscored.com/matches/1820292,1820292
https://fr.whoscored.com/matches/1820293,1820293
https://fr.whoscored.com/matches/1820294,1820294
https://fr.whoscored.com/matches/1820295,1820295
https://fr.whoscored.com/matches/1820296,1820296
https://fr.whoscored.com/matches/1820297,1820297
https://fr.whoscored.com/matches/1820298,1820298
https://fr.whoscored.com/matches/1820299,1820299
https://fr.whoscored.com/matches/1820300,1820300
https://fr.whoscored.com/matches/1820309,1820309
https://fr.whoscored.com/matches/1820310,1820310
https://fr.whoscored.com/matches/1820311,1820311
https://fr.whoscored.com/matches/1820313,1820313
https://fr.whoscored.com/matches/1820315,1820315
https://fr.whoscored.com/matches/1820316,1820316
https://fr.whoscored.com/matches/1820645,1820645
https://fr.whoscored.com/matches/1820646,1820646
https://fr.whoscored.com/matches/1820647,1820647
https://fr.whoscored.com/matches/1820649,1820649
https://fr.whoscored.com/matches/1820650,1820650
https://fr.whoscored.com/matches/1820651,1820651
https://fr.whoscored.com/matches/1820652,1820652
https://fr.whoscored.com/matches/1820653,1820653
https://fr.whoscored.com/matches/1820655,1820655
https://fr.whoscored.com/matches/1820660,1820660
https://fr.whoscored.com/matches/1820661,1820661
https://fr.whoscored.com/matches/1820662,1820662
https://fr.whoscored.com/matches/1820663,1820663
https://fr.whoscored.com/matches/1820664,1820664
https://fr.whoscored.com/matches/1820665,1820665
https://fr.whoscored.com/matches/1820666,1820666
https://fr.whoscored.com/matches/1820667,1820667
https://fr.whoscored.com/matches/1820668,1820668
https://fr.whoscored.com/matches/1820669,1820669
https://fr.whoscored.com/matches/1820670,1820670
https://fr.whoscored.com/matches/1820677,1820677
https://fr.whoscored.com/matches/1820678,1820678
https://fr.whoscored.com/matches/1820679,1820679
https://fr.whoscored.com/matches/1820680,1820680
https://fr.whoscored.com/matches/1820681,1820681
https://fr.whoscored.com/matches/1820682,1820682
https://fr.whoscored.com/matches/1820683,1820683
https://fr.whoscored.com/matches/1820684,1820684
https://fr.whoscored.com/matches/1820685,1820685
https://fr.whoscored.com/matches/1820686,1820686
https://fr.whoscored.com/matches/1820687,1820687
https://fr.whoscored.com/matches/1820688,1820688
https://fr.whoscored.com/matches/1820689,1820689
https://fr.whoscored.com/matches/1820690,1820690
https://fr.whoscored.com/matches/1820691,1820691
https://fr.whoscored.com/matches/1820692,1820692
https://fr.whoscored.com/matches/1820693,1820693
https://fr.whoscored.com/matches/1820694,1820694
https://fr.whoscored.com/matches/1820695,1820695
https://fr.whoscored.com/matches/1820696,1820696
https://fr.whoscored.com/matches/1820697,1820697
https://fr.whoscored.com/matches/1820698,1820698
https://fr.whoscored.com/matches/1820699,1820699
https://fr.whoscored.com/matches/1820700,1820700
https://fr.whoscored.com/matches/1820701,1820701
https://fr.whoscored.com/matches/1820702,1820702
https://fr.whoscored.com/matches/1820703,1820703
https://fr.whoscored.com/matches/1820704,1820704
https://fr.whoscored.com/matches/1820705,1820705
https://fr.whoscored.com/matches/1820706,1820706
https://fr.whoscored.com/matches/1820707,1820707
https://fr.whoscored.com/matches/1820708,1820708
https://fr.whoscored.com/matches/1820709,1820709
https://fr.whoscored.com/matches/1820710,1820710
https://fr.whoscored.com/matches/1820711,1820711
https://fr.whoscored.com/matches/1820712,1820712
https://fr.whoscored.com/matches/1820713,1820713
https://fr.whoscored.com/matches/1820714,1820714
https://fr.whoscored.com/matches/1820715,1820715
https://fr.whoscored.com/matches/1820716,1820716
https://fr.whoscored.com/matches/1820717,1820717
https://fr.whoscored.com/matches/1820718,1820718
https://fr.whoscored.com/matches/1820719,1820719
https://fr.whoscored.com/matches/1820720,1820720
https://fr.whoscored.com/matches/1820721,1820721
https://fr.whoscored.com/matches/1820722,1820722
https://fr.whoscored.com/matches/1820723,1820723
https://fr.whoscored.com/matches/1820724,1820724
https://fr.whoscored.com/matches/1820725,1820725
https://fr.whoscored.com/matches/1820726,1820726
https://fr.whoscored.com/matches/1820727,1820727
https://fr.whoscored.com/matches/1820728,1820728
https://fr.whoscored.com/matches/1820729,1820729
https://fr.whoscored.com/matches/1820730,1820730
https://fr.whoscored.com/matches/1820731,1820731
https://fr.whoscored.com/matches/1820732,1820732
https://fr.whoscored.com/matches/1820733,1820733
https://fr.whoscored.com/matches/1820734,1820734
https://fr.whoscored.com/matches/1820735,1820735
https://fr.whoscored.com/matches/1820736,1820736
https://fr.whoscored.com/matches/1820737,1820737
https://fr.whoscored.com/matches/1820738,1820738
https://fr.whoscored.com/matches/1820739,1820739
https://fr.whoscored.com/matches/1820740,1820740
https://fr.whoscored.com/matches/1820741,1820741
https://fr.whoscored.com/matches/1820742,1820742
https://fr.whoscored.com/matches/1820743,1820743
https://fr.whoscored.com/matches/1820744,1820744
https://fr.whoscored.com/matches/1820745,1820745
https://fr.whoscored.com/matches/1820746,1820746
https://fr.whoscored.com/matches/1820747,1820747
https://fr.whoscored.com/matches/1820748,1820748
https://fr.whoscored.com/matches/1820749,1820749
https://fr.whoscored.com/matches/1820750,1820750
https://fr.whoscored.com/matches/1820751,1820751
https://fr.whoscored.com/matches/1820752,1820752
https://fr.whoscored.com/matches/1820753,1820753
https://fr.whoscored.com/matches/1820754,1820754
https://fr.whoscored.com/matches/1820755,1820755
https://fr.whoscored.com/matches/1820756,1820756
https://fr.whoscored.com/matches/1820811,1820811
https://fr.whoscored.com/matches/1820817,1820817
https://fr.whoscored.com/matches/1821005,1821005
https://fr.whoscored.com/matches/1821007,1821007
https://fr.whoscored.com/matches/1821119,1821119
https://fr.whoscored.com/matches/1821120,1821120
https://fr.whoscored.com/matches/1821123,1821123
https://fr.whoscored.com/matches/1821124,1821124
https://fr.whoscored.com/matches/1821126,1821126
https://fr.whoscored.com/matches/1821135,1821135
https://fr.whoscored.com/matches/1821144,1821144
https://fr.whoscored.com/matches/1821148,1821148
https://fr.whoscored.com/matches/1821154,1821154
https://fr.whoscored.com/matches/1821156,1821156
https://fr.whoscored.com/matches/1821158,1821158
https://fr.whoscored.com/matches/1821160,1821160
https://fr.whoscored.com/matches/1821162,1821162
https://fr.whoscored.com/matches/1821164,1821164
https://fr.whoscored.com/matches/1821166,1821166
https://fr.whoscored.com/matches/1821168,1821168
https://fr.whoscored.com/matches/1821170,1821170
https://fr.whoscored.com/matches/1821172,1821172
https://fr.whoscored.com/matches/1821174,1821174
https://fr.whoscored.com/matches/1821176,1821176
https://fr.whoscored.com/matches/1821178,1821178
https://fr.whoscored.com/matches/1821180,1821180
https://fr.whoscored.com/matches/1821182,1821182
https://fr.whoscored.com/matches/1821184,1821184
https://fr.whoscored.com/matches/1821185,1821185
https://fr.whoscored.com/matches/1821186,1821186
https://fr.whoscored.com/matches/1821187,1821187
https://fr.whoscored.com/matches/1821188,1821188
https://fr.whoscored.com/matches/1821329,1821329
https://fr.whoscored.com/matches/1821330,1821330
https://fr.whoscored.com/matches/1821331,1821331
https://fr.whoscored.com/matches/1821332,1821332
https://fr.whoscored.com/matches/1821333,1821333
https://fr.whoscored.com/matches/1821334,1821334
https://fr.whoscored.com/matches/1821335,1821335
https://fr.whoscored.com/matches/1821336,1821336
https://fr.whoscored.com/matches/1821337,1821337
https://fr.whoscored.com/matches/1821338,1821338
https://fr.whoscored.com/matches/1821339,1821339
https://fr.whoscored.com/matches/1821340,1821340
https://fr.whoscored.com/matches/1821341,1821341
https://fr.whoscored.com/matches/1821342,1821342
https://fr.whoscored.com/matches/1821343,1821343
https://fr.whoscored.com/matches/1821344,1821344
https://fr.whoscored.com/matches/1821345,1821345
https://fr.whoscored.com/matches/1821346,1821346
https://fr.whoscored.com/matches/1821347,1821347
https://fr.whoscored.com/matches/1821348,1821348
https://fr.whoscored.com/matches/1821349,1821349
https://fr.whoscored.com/matches/1821350,1821350
https://fr.whoscored.com/matches/1821351,1821351
https://fr.whoscored.com/matches/1821352,1821352
https://fr.whoscored.com/matches/1821353,1821353
https://fr.whoscored.com/matches/1821354,1821354
https://fr.whoscored.com/matches/1821355,1821355
https://fr.whoscored.com/matches/1821356,1821356
https://fr.whoscored.com/matches/1821357,1821357
https://fr.whoscored.com/matches/1821358,1821358
https://fr.whoscored.com/matches/1821359,1821359
https://fr.whoscored.com/matches/1821360,1821360
https://fr.whoscored.com/matches/1821361,1821361
https://fr.whoscored.com/matches/1821362,1821362
https://fr.whoscored.com/matches/1821363,1821363
https://fr.whoscored.com/matches/1821364,1821364
https://fr.whoscored.com/matches/1821365,1821365
https://fr.whoscored.com/matches/1821366,1821366
https://fr.whoscored.com/matches/1821367,1821367
https://fr.whoscored.com/matches/1821368,1821368
https://fr.whoscored.com/matches/1821369,1821369
https://fr.whoscored.com/matches/1821370,1821370
https://fr.whoscored.com/matches/1821371,1821371
https://fr.whoscored.com/matches/1821372,1821372
https://fr.whoscored.com/matches/1821373,1821373
https://fr.whoscored.com/matches/1821374,1821374
https://fr.whoscored.com/matches/1821375,1821375
https://fr.whoscored.com/matches/1821376,1821376
https://fr.whoscored.com/matches/1821377,1821377
https://fr.whoscored.com/matches/1821378,1821378
https://fr.whoscored.com/matches/1821379,1821379
https://fr.whoscored.com/matches/1821380,1821380
https://fr.whoscored.com/matches/1821381,1821381
https://fr.whoscored.com/matches/1821382,1821382
https://fr.whoscored.com/matches/1821383,1821383
https://fr.whoscored.com/matches/1821384,1821384
https://fr.whoscored.com/matches/1821385,1821385
https://fr.whoscored.com/matches/1821386,1821386
https://fr.whoscored.com/matches/1821387,1821387
https://fr.whoscored.com/matches/1821388,1821388
https://fr.whoscored.com/matches/1821676,1821676
https://fr.whoscored.com/matches/1821677,1821677
https://fr.whoscored.com/matches/1821678,1821678
https://fr.whoscored.com/matches/1821679,1821679
https://fr.whoscored.com/matches/1821680,1821680
https://fr.whoscored.com/matches/1821681,1821681
https://fr.whoscored.com/matches/1821682,1821682
https://fr.whoscored.com/matches/1821683,1821683
https://fr.whoscored.com/matches/1821684,1821684
https://fr.whoscored.com/matches/1821685,1821685
https://fr.whoscored.com/matches/1821686,1821686
https://fr.whoscored.com/matches/1821687,1821687
https://fr.whoscored.com/matches/1821688,1821688
https://fr.whoscored.com/matches/1821689,1821689
https://fr.whoscored.com/matches/1821690,1821690
https://fr.whoscored.com/matches/1821691,1821691
https://fr.whoscored.com/matches/1821692,1821692
https://fr.whoscored.com/matches/1821693,1821693
https://fr.whoscored.com/matches/1821715,1821715
https://fr.whoscored.com/matches/1821716,1821716
https://fr.whoscored.com/matches/1821717,1821717
https://fr.whoscored.com/matches/1821718,1821718
https://fr.whoscored.com/matches/1821719,1821719
https://fr.whoscored.com/matches/1821720,1821720
https://fr.whoscored.com/matches/1821721,1821721
https://fr.whoscored.com/matches/1821722,1821722
https://fr.whoscored.com/matches/1821723,1821723
https://fr.whoscored.com/matches/1821724,1821724
https://fr.whoscored.com/matches/1821725,1821725
https://fr.whoscored.com/matches/1821726,1821726
https://fr.whoscored.com/matches/1821727,1821727
https://fr.whoscored.com/matches/1821728,1821728
https://fr.whoscored.com/matches/1821729,1821729
https://fr.whoscored.com/matches/1821730,1821730
https://fr.whoscored.com/matches/1821731,1821731
https://fr.whoscored.com/matches/1821732,1821732
https://fr.whoscored.com/matches/1821733,1821733
https://fr.whoscored.com/matches/1821734,1821734
https://fr.whoscored.com/matches/1821735,1821735
https://fr.whoscored.com/matches/1821736,1821736
https://fr.whoscored.com/matches/1821737,1821737
https://fr.whoscored.com/matches/1821738,1821738
https://fr.whoscored.com/matches/1821739,1821739
https://fr.whoscored.com/matches/1821740,1821740
https://fr.whoscored.com/matches/1821741,1821741
https://fr.whoscored.com/matches/1821742,1821742
https://fr.whoscored.com/matches/1821743,1821743
https://fr.whoscored.com/matches/1821744,1821744
https://fr.whoscored.com/matches/1821745,1821745
https://fr.whoscored.com/matches/1821746,1821746
https://fr.whoscored.com/matches/1821747,1821747
https://fr.whoscored.com/matches/1821748,1821748
https://fr.whoscored.com/matches/1821749,1821749
https://fr.whoscored.com/matches/1821750,1821750
https://fr.whoscored.com/matches/1821751,1821751
https://fr.whoscored.com/matches/1821752,1821752
https://fr.whoscored.com/matches/1821753,1821753
https://fr.whoscored.com/matches/1821754,1821754
https://fr.whoscored.com/matches/1821755,1821755
https://fr.whoscored.com/matches/1821756,1821756
https://fr.whoscored.com/matches/1821757,1821757
https://fr.whoscored.com/matches/1821758,1821758
https://fr.whoscored.com/matches/1821759,1821759
https://fr.whoscored.com/matches/1821760,1821760
https://fr.whoscored.com/matches/1821761,1821761
https://fr.whoscored.com/matches/1821762,1821762
https://fr.whoscored.com/matches/1821763,1821763
https://fr.whoscored.com/matches/1821764,1821764
https://fr.whoscored.com/matches/1821765,1821765
https://fr.whoscored.com/matches/1821766,1821766
https://fr.whoscored.com/matches/1821767,1821767
https://fr.whoscored.com/matches/1821768,1821768
https://fr.whoscored.com/matches/1821769,1821769
https://fr.whoscored.com/matches/1821770,1821770
https://fr.whoscored.com/matches/1821771,1821771
https://fr.whoscored.com/matches/1821772,1821772
https://fr.whoscored.com/matches/1821773,1821773
https://fr.whoscored.com/matches/1821774,1821774
https://fr.whoscored.com/matches/1821775,1821775
https://fr.whoscored.com/matches/1821776,1821776
https://fr.whoscored.com/matches/1821777,1821777
https://fr.whoscored.com/matches/1821874,1821874
https://fr.whoscored.com/matches/1821894,1821894
https://fr.whoscored.com/matches/1821895,1821895
https://fr.whoscored.com/matches/1821905,1821905
https://fr.whoscored.com/matches/1821907,1821907
https://fr.whoscored.com/matches/1821910,1821910
https://fr.whoscored.com/matches/1821916,1821916
https://fr.whoscored.com/matches/1821920,1821920
https://fr.whoscored.com/matches/1821928,1821928
https://fr.whoscored.com/matches/1821939,1821939
https://fr.whoscored.com/matches/1821951,1821951
https://fr.whoscored.com/matches/1821959,1821959
https://fr.whoscored.com/matches/1821975,1821975
https://fr.whoscored.com/matches/1821989,1821989
https://fr.whoscored.com/matches/1821991,1821991
https://fr.whoscored.com/matches/1822014,1822014
https://fr.whoscored.com/matches/1822016,1822016
https://fr.whoscored.com/matches/1822023,1822023
https://fr.whoscored.com/matches/1822038,1822038
https://fr.whoscored.com/matches/1822043,1822043
https://fr.whoscored.com/matches/1822050,1822050
https://fr.whoscored.com/matches/1822058,1822058
https://fr.whoscored.com/matches/1822059,1822059
https://fr.whoscored.com/matches/1822060,1822060
https://fr.whoscored.com/matches/1822061,1822061
https://fr.whoscored.com/matches/1822063,1822063
https://fr.whoscored.com/matches/1822064,1822064
https://fr.whoscored.com/matches/1822065,1822065
https://fr.whoscored.com/matches/1822067,1822067
https://fr.whoscored.com/matches/1822069,1822069
https://fr.whoscored.com/matches/1822071,1822071
https://fr.whoscored.com/matches/1822073,1822073
https://fr.whoscored.com/matches/1822075,1822075
https://fr.whoscored.com/matches/1822077,1822077
https://fr.whoscored.com/matches/1822078,1822078
https://fr.whoscored.com/matches/1822083,1822083
https://fr.whoscored.com/matches/1822089,1822089
https://fr.whoscored.com/matches/1822090,1822090
https://fr.whoscored.com/matches/1822094,1822094
https://fr.whoscored.com/matches/1822095,1822095
https://fr.whoscored.com/matches/1822096,1822096
https://fr.whoscored.com/matches/1822097,1822097
https://fr.whoscored.com/matches/1822098,1822098
https://fr.whoscored.com/matches/1822099,1822099
https://fr.whoscored.com/matches/1822100,1822100
https://fr.whoscored.com/matches/1822102,1822102
https://fr.whoscored.com/matches/1822103,1822103
https://fr.whoscored.com/matches/1822104,1822104
https://fr.whoscored.com/matches/1822105,1822105
https://fr.whoscored.com/matches/1822106,1822106
https://fr.whoscored.com/matches/1822107,1822107
https://fr.whoscored.com/matches/1822108,1822108
https://fr.whoscored.com/matches/1822109,1822109
https://fr.whoscored.com/matches/1822110,1822110
https://fr.whoscored.com/matches/1822111,1822111
https://fr.whoscored.com/matches/1822112,1822112
https://fr.whoscored.com/matches/1822113,1822113
https://fr.whoscored.com/matches/1822114,1822114
https://fr.whoscored.com/matches/1822115,1822115
https://fr.whoscored.com/matches/1822116,1822116
https://fr.whoscored.com/matches/1822117,1822117
https://fr.whoscored.com/matches/1822118,1822118
https://fr.whoscored.com/matches/1822119,1822119
https://fr.whoscored.com/matches/1822120,1822120
https://fr.whoscored.com/matches/1822121,1822121
https://fr.whoscored.com/matches/1822122,1822122
https://fr.whoscored.com/matches/1822123,1822123
https://fr.whoscored.com/matches/1822124,1822124
https://fr.whoscored.com/matches/1822125,1822125
https://fr.whoscored.com/matches/1822126,1822126
https://fr.whoscored.com/matches/1822127,1822127
https://fr.whoscored.com/matches/1822128,1822128
https://fr.whoscored.com/matches/1822129,1822129
https://fr.whoscored.com/matches/1822130,1822130
https://fr.whoscored.com/matches/1822131,1822131
https://fr.whoscored.com/matches/1822132,1822132
https://fr.whoscored.com/matches/1822133,1822133
https://fr.whoscored.com/matches/1822134,1822134
https://fr.whoscored.com/matches/1822135,1822135
https://fr.whoscored.com/matches/1822136,1822136
https://fr.whoscored.com/matches/1822137,1822137
https://fr.whoscored.com/matches/1822138,1822138
https://fr.whoscored.com/matches/1822139,1822139
https://fr.whoscored.com/matches/1822140,1822140
https://fr.whoscored.com/matches/1822141,1822141
https://fr.whoscored.com/matches/1822142,1822142
https://fr.whoscored.com/matches/1822143,1822143
https://fr.whoscored.com/matches/1822144,1822144
https://fr.whoscored.com/matches/1822145,1822145
https://fr.whoscored.com/matches/1822146,1822146
https://fr.whoscored.com/matches/1822147,1822147
https://fr.whoscored.com/matches/1822148,1822148
https://fr.whoscored.com/matches/1822149,1822149
https://fr.whoscored.com/matches/1822150,1822150
https://fr.whoscored.com/matches/1822151,1822151
https://fr.whoscored.com/matches/1822152,1822152
https://fr.whoscored.com/matches/1822153,1822153
https://fr.whoscored.com/matches/1822154,1822154
https://fr.whoscored.com/matches/1822155,1822155
https://fr.whoscored.com/matches/1822156,1822156
https://fr.whoscored.com/matches/1822157,1822157
https://fr.whoscored.com/matches/1822158,1822158
https://fr.whoscored.com/matches/1822159,1822159
https://fr.whoscored.com/matches/1822160,1822160
https://fr.whoscored.com/matches/1822161,1822161
https://fr.whoscored.com/matches/1822162,1822162
https://fr.whoscored.com/matches/1822163,1822163
https://fr.whoscored.com/matches/1822164,1822164
https://fr.whoscored.com/matches/1822165,1822165
https://fr.whoscored.com/matches/1822166,1822166
https://fr.whoscored.com/matches/1822167,1822167
https://fr.whoscored.com/matches/1822168,1822168
https://fr.whoscored.com/matches/1822169,1822169
https://fr.whoscored.com/matches/1822170,1822170
https://fr.whoscored.com/matches/1822171,1822171
https://fr.whoscored.com/matches/1822172,1822172
https://fr.whoscored.com/matches/1822173,1822173
https://fr.whoscored.com/matches/1822621,1822621
https://fr.whoscored.com/matches/1822646,1822646
https://fr.whoscored.com/matches/1822647,1822647
https://fr.whoscored.com/matches/1822648,1822648
https://fr.whoscored.com/matches/1822649,1822649
https://fr.whoscored.com/matches/1822650,1822650
https://fr.whoscored.com/matches/1822651,1822651
https://fr.whoscored.com/matches/1822652,1822652
https://fr.whoscored.com/matches/1822653,1822653
https://fr.whoscored.com/matches/1822654,1822654
https://fr.whoscored.com/matches/1822655,1822655
https://fr.whoscored.com/matches/1822656,1822656
https://fr.whoscored.com/matches/1822657,1822657
https://fr.whoscored.com/matches/1822658,1822658
https://fr.whoscored.com/matches/1822659,1822659
https://fr.whoscored.com/matches/1822660,1822660
https://fr.whoscored.com/matches/1822661,1822661
https://fr.whoscored.com/matches/1822662,1822662
https://fr.whoscored.com/matches/1822663,1822663
https://fr.whoscored.com/matches/1822664,1822664
https://fr.whoscored.com/matches/1822665,1822665
https://fr.whoscored.com/matches/1822666,1822666
https://fr.whoscored.com/matches/1822667,1822667
https://fr.whoscored.com/matches/1822668,1822668
https://fr.whoscored.com/matches/1822669,1822669
https://fr.whoscored.com/matches/1822670,1822670
https://fr.whoscored.com/matches/1822671,1822671
https://fr.whoscored.com/matches/1822672,1822672
https://fr.whoscored.com/matches/1822673,1822673
https://fr.whoscored.com/matches/1822674,1822674
https://fr.whoscored.com/matches/1822675,1822675
https://fr.whoscored.com/matches/1822676,1822676
https://fr.whoscored.com/matches/1822677,1822677
https://fr.whoscored.com/matches/1822678,1822678
https://fr.whoscored.com/matches/1822679,1822679
https://fr.whoscored.com/matches/1822680,1822680
https://fr.whoscored.com/matches/1822681,1822681
https://fr.whoscored.com/matches/1822682,1822682
https://fr.whoscored.com/matches/1822683,1822683
https://fr.whoscored.com/matches/1822684,1822684
https://fr.whoscored.com/matches/1822685,1822685
https://fr.whoscored.com/matches/1822686,1822686
https://fr.whoscored.com/matches/1822687,1822687
https://fr.whoscored.com/matches/1822688,1822688
https://fr.whoscored.com/matches/1822689,1822689
https://fr.whoscored.com/matches/1822690,1822690
https://fr.whoscored.com/matches/1822691,1822691
https://fr.whoscored.com/matches/1822692,1822692
https://fr.whoscored.com/matches/1822693,1822693
https://fr.whoscored.com/matches/1822694,1822694
https://fr.whoscored.com/matches/1822695,1822695
https://fr.whoscored.com/matches/1822696,1822696
https://fr.whoscored.com/matches/1822697,1822697
https://fr.whoscored.com/matches/1822698,1822698
https://fr.whoscored.com/matches/1822699,1822699
https://fr.whoscored.com/matches/1822700,1822700
https://fr.whoscored.com/matches/1822701,1822701
https://fr.whoscored.com/matches/1822702,1822702
https://fr.whoscored.com/matches/1822703,1822703
https://fr.whoscored.com/matches/1822704,1822704
https://fr.whoscored.com/matches/1822705,1822705
https://fr.whoscored.com/matches/1822706,1822706
https://fr.whoscored.com/matches/1822707,1822707
https://fr.whoscored.com/matches/1822708,1822708
https://fr.whoscored.com/matches/1822972,1822972
https://fr.whoscored.com/matches/1823015,1823015
https://fr.whoscored.com/matches/1823016,1823016
https://fr.whoscored.com/matches/1823017,1823017
https://fr.whoscored.com/matches/1823018,1823018
https://fr.whoscored.com/matches/1823019,1823019
https://fr.whoscored.com/matches/1823020,1823020
https://fr.whoscored.com/matches/1823021,1823021
https://fr.whoscored.com/matches/1823022,1823022
https://fr.whoscored.com/matches/1823023,1823023
https://fr.whoscored.com/matches/1823024,1823024
https://fr.whoscored.com/matches/1823025,1823025
https://fr.whoscored.com/matches/1823026,1823026
https://fr.whoscored.com/matches/1823027,1823027
https://fr.whoscored.com/matches/1823028,1823028
https://fr.whoscored.com/matches/1823029,1823029
https://fr.whoscored.com/matches/1823030,1823030
https://fr.whoscored.com/matches/1823031,1823031
https://fr.whoscored.com/matches/1823032,1823032
https://fr.whoscored.com/matches/1823033,1823033
https://fr.whoscored.com/matches/1823034,1823034
https://fr.whoscored.com/matches/1823035,1823035
https://fr.whoscored.com/matches/1823036,1823036
https://fr.whoscored.com/matches/1823037,1823037
https://fr.whoscored.com/matches/1823038,1823038
https://fr.whoscored.com/matches/1823039,1823039
https://fr.whoscored.com/matches/1823040,1823040
https://fr.whoscored.com/matches/1823041,1823041
https://fr.whoscored.com/matches/1823042,1823042
https://fr.whoscored.com/matches/1823043,1823043
https://fr.whoscored.com/matches/1823044,1823044
https://fr.whoscored.com/matches/1823045,1823045
https://fr.whoscored.com/matches/1823046,1823046
https://fr.whoscored.com/matches/1823047,1823047
https://fr.whoscored.com/matches/1823048,1823048
https://fr.whoscored.com/matches/1823049,1823049
https://fr.whoscored.com/matches/1823050,1823050
https://fr.whoscored.com/matches/1823051,1823051
https://fr.whoscored.com/matches/1823052,1823052
https://fr.whoscored.com/matches/1823053,1823053
https://fr.whoscored.com/matches/1823054,1823054
https://fr.whoscored.com/matches/1823055,1823055
https://fr.whoscored.com/matches/1823056,1823056
https://fr.whoscored.com/matches/1823057,1823057
https://fr.whoscored.com/matches/1823058,1823058
https://fr.whoscored.com/matches/1823059,1823059
https://fr.whoscored.com/matches/1823060,1823060
https://fr.whoscored.com/matches/1823061,1823061
https://fr.whoscored.com/matches/1823062,1823062
https://fr.whoscored.com/matches/1823063,1823063
https://fr.whoscored.com/matches/1823064,1823064
https://fr.whoscored.com/matches/1823065,1823065
https://fr.whoscored.com/matches/1823066,1823066
https://fr.whoscored.com/matches/1823067,1823067
https://fr.whoscored.com/matches/1823084,1823084
https://fr.whoscored.com/matches/1823085,1823085
https://fr.whoscored.com/matches/1823086,1823086
https://fr.whoscored.com/matches/1823087,1823087
https://fr.whoscored.com/matches/1823088,1823088
https://fr.whoscored.com/matches/1823089,1823089
https://fr.whoscored.com/matches/1823090,1823090
https://fr.whoscored.com/matches/1823156,1823156
https://fr.whoscored.com/matches/1823157,1823157
https://fr.whoscored.com/matches/1823173,1823173
https://fr.whoscored.com/matches/1823174,1823174
https://fr.whoscored.com/matches/1823195,1823195
https://fr.whoscored.com/matches/1823196,1823196
https://fr.whoscored.com/matches/1823401,1823401
https://fr.whoscored.com/matches/1823426,1823426
https://fr.whoscored.com/matches/1823427,1823427
https://fr.whoscored.com/matches/1823428,1823428
https://fr.whoscored.com/matches/1823429,1823429
https://fr.whoscored.com/matches/1823430,1823430
https://fr.whoscored.com/matches/1823431,1823431
https://fr.whoscored.com/matches/1823432,1823432
https://fr.whoscored.com/matches/1823433,1823433
https://fr.whoscored.com/matches/1823441,1823441
https://fr.whoscored.com/matches/1823443,1823443
https://fr.whoscored.com/matches/1823444,1823444
https://fr.whoscored.com/matches/1823446,1823446
https://fr.whoscored.com/matches/1823447,1823447
https://fr.whoscored.com/matches/1823449,1823449
https://fr.whoscored.com/matches/1823451,1823451
https://fr.whoscored.com/matches/1823452,1823452
https://fr.whoscored.com/matches/1823454,1823454
https://fr.whoscored.com/matches/1823457,1823457
https://fr.whoscored.com/matches/1823459,1823459
https://fr.whoscored.com/matches/1823477,1823477
https://fr.whoscored.com/matches/1823478,1823478
https://fr.whoscored.com/matches/1823479,1823479
https://fr.whoscored.com/matches/1823480,1823480
https://fr.whoscored.com/matches/1823481,1823481
https://fr.whoscored.com/matches/1823482,1823482
https://fr.whoscored.com/matches/1823483,1823483
https://fr.whoscored.com/matches/1823484,1823484
https://fr.whoscored.com/matches/1823485,1823485
https://fr.whoscored.com/matches/1823486,1823486
https://fr.whoscored.com/matches/1823487,1823487
https://fr.whoscored.com/matches/1823488,1823488
https://fr.whoscored.com/matches/1823489,1823489
https://fr.whoscored.com/matches/1823490,1823490
https://fr.whoscored.com/matches/1823491,1823491
https://fr.whoscored.com/matches/1823492,1823492
https://fr.whoscored.com/matches/1823493,1823493
https://fr.whoscored.com/matches/1823494,1823494
https://fr.whoscored.com/matches/1823495,1823495
https://fr.whoscored.com/matches/1823496,1823496
https://fr.whoscored.com/matches/1823497,1823497
https://fr.whoscored.com/matches/1823498,1823498
https://fr.whoscored.com/matches/1823499,1823499
https://fr.whoscored.com/matches/1823500,1823500
https://fr.whoscored.com/matches/1823501,1823501
https://fr.whoscored.com/matches/1823502,1823502
https://fr.whoscored.com/matches/1823503,1823503
https://fr.whoscored.com/matches/1823504,1823504
https://fr.whoscored.com/matches/1823505,1823505
https://fr.whoscored.com/matches/1823506,1823506
https://fr.whoscored.com/matches/1823507,1823507
https://fr.whoscored.com/matches/1823508,1823508
https://fr.whoscored.com/matches/1823509,1823509
https://fr.whoscored.com/matches/1823510,1823510
https://fr.whoscored.com/matches/1823511,1823511
https://fr.whoscored.com/matches/1823512,1823512
https://fr.whoscored.com/matches/1823513,1823513
https://fr.whoscored.com/matches/1823514,1823514
https://fr.whoscored.com/matches/1823515,1823515
https://fr.whoscored.com/matches/1823516,1823516
https://fr.whoscored.com/matches/1823517,1823517
https://fr.whoscored.com/matches/1823518,1823518
https://fr.whoscored.com/matches/1823519,1823519
https://fr.whoscored.com/matches/1823520,1823520
https://fr.whoscored.com/matches/1823565,1823565
https://fr.whoscored.com/matches/1823619,1823619
https://fr.whoscored.com/matches/1823650,1823650
https://fr.whoscored.com/matches/1823658,1823658
https://fr.whoscored.com/matches/1823660,1823660
https://fr.whoscored.com/matches/1823661,1823661
https://fr.whoscored.com/matches/1823662,1823662
https://fr.whoscored.com/matches/1823663,1823663
https://fr.whoscored.com/matches/1823664,1823664
https://fr.whoscored.com/matches/1823666,1823666
https://fr.whoscored.com/matches/1823668,1823668
https://fr.whoscored.com/matches/1823669,1823669
https://fr.whoscored.com/matches/1823670,1823670
https://fr.whoscored.com/matches/1823747,1823747
https://fr.whoscored.com/matches/1823748,1823748
https://fr.whoscored.com/matches/1823749,1823749
https://fr.whoscored.com/matches/1823750,1823750
https://fr.whoscored.com/matches/1823751,1823751
https://fr.whoscored.com/matches/1823752,1823752
https://fr.whoscored.com/matches/1823753,1823753
https://fr.whoscored.com/matches/1823754,1823754
https://fr.whoscored.com/matches/1823755,1823755
https://fr.whoscored.com/matches/1823756,1823756
https://fr.whoscored.com/matches/1823757,1823757
https://fr.whoscored.com/matches/1823758,1823758
https://fr.whoscored.com/matches/1823759,1823759
https://fr.whoscored.com/matches/1823760,1823760
https://fr.whoscored.com/matches/1823761,1823761
https://fr.whoscored.com/matches/1823762,1823762
https://fr.whoscored.com/matches/1823763,1823763
https://fr.whoscored.com/matches/1823764,1823764
https://fr.whoscored.com/matches/1823765,1823765
https://fr.whoscored.com/matches/1823766,1823766
https://fr.whoscored.com/matches/1823767,1823767
https://fr.whoscored.com/matches/1823768,1823768
https://fr.whoscored.com/matches/1823769,1823769
https://fr.whoscored.com/matches/1823770,1823770
https://fr.whoscored.com/matches/1823771,1823771
https://fr.whoscored.com/matches/1823772,1823772
https://fr.whoscored.com/matches/1823773,1823773
https://fr.whoscored.com/matches/1823774,1823774
https://fr.whoscored.com/matches/1823775,1823775
https://fr.whoscored.com/matches/1823776,1823776
https://fr.whoscored.com/matches/1823777,1823777
https://fr.whoscored.com/matches/1823778,1823778
https://fr.whoscored.com/matches/1823779,1823779
https://fr.whoscored.com/matches/1823780,1823780
https://fr.whoscored.com/matches/1823781,1823781
https://fr.whoscored.com/matches/1823782,1823782
https://fr.whoscored.com/matches/1823783,1823783
https://fr.whoscored.com/matches/1823784,1823784
https://fr.whoscored.com/matches/1823785,1823785
https://fr.whoscored.com/matches/1823786,1823786
https://fr.whoscored.com/matches/1823787,1823787
https://fr.whoscored.com/matches/1823788,1823788
https://fr.whoscored.com/matches/1823789,1823789
https://fr.whoscored.com/matches/1823790,1823790
https://fr.whoscored.com/matches/1823791,1823791
https://fr.whoscored.com/matches/1823792,1823792
https://fr.whoscored.com/matches/1823914,1823914
https://fr.whoscored.com/matches/1823915,1823915
https://fr.whoscored.com/matches/1823916,1823916
https://fr.whoscored.com/matches/1823917,1823917
https://fr.whoscored.com/matches/1823918,1823918
https://fr.whoscored.com/matches/1823919,1823919
https://fr.whoscored.com/matches/1823952,1823952
https://fr.whoscored.com/matches/1823953,1823953
https://fr.whoscored.com/matches/1823954,1823954
https://fr.whoscored.com/matches/1823957,1823957
https://fr.whoscored.com/matches/1823958,1823958
https://fr.whoscored.com/matches/1823960,1823960
https://fr.whoscored.com/matches/1823961,1823961
https://fr.whoscored.com/matches/1823962,1823962
https://fr.whoscored.com/matches/1823963,1823963
https://fr.whoscored.com/matches/1823964,1823964
https://fr.whoscored.com/matches/1823965,1823965
https://fr.whoscored.com/matches/1823966,1823966
https://fr.whoscored.com/matches/1823967,1823967
https://fr.whoscored.com/matches/1823968,1823968
https://fr.whoscored.com/matches/1823969,1823969
https://fr.whoscored.com/matches/1823970,1823970
https://fr.whoscored.com/matches/1823971,1823971
https://fr.whoscored.com/matches/1823972,1823972
https://fr.whoscored.com/matches/1823973,1823973
https://fr.whoscored.com/matches/1823974,1823974
https://fr.whoscored.com/matches/1823975,1823975
https://fr.whoscored.com/matches/1823976,1823976
https://fr.whoscored.com/matches/1823977,1823977
https://fr.whoscored.com/matches/1823978,1823978
https://fr.whoscored.com/matches/1823979,1823979
https://fr.whoscored.com/matches/1823980,1823980
https://fr.whoscored.com/matches/1823981,1823981
https://fr.whoscored.com/matches/1823982,1823982
https://fr.whoscored.com/matches/1823983,1823983
https://fr.whoscored.com/matches/1823984,1823984
https://fr.whoscored.com/matches/1823985,1823985
https://fr.whoscored.com/matches/1823986,1823986
https://fr.whoscored.com/matches/1823987,1823987
https://fr.whoscored.com/matches/1823988,1823988
https://fr.whoscored.com/matches/1823989,1823989
https://fr.whoscored.com/matches/1823990,1823990
https://fr.whoscored.com/matches/1823991,1823991
https://fr.whoscored.com/matches/1823992,1823992
https://fr.whoscored.com/matches/1823993,1823993
https://fr.whoscored.com/matches/1823994,1823994
https://fr.whoscored.com/matches/1823995,1823995
https://fr.whoscored.com/matches/1823996,1823996
https://fr.whoscored.com/matches/1824006,1824006
https://fr.whoscored.com/matches/1824007,1824007
https://fr.whoscored.com/matches/1824008,1824008
https://fr.whoscored.com/matches/1824009,1824009
https://fr.whoscored.com/matches/1824010,1824010
https://fr.whoscored.com/matches/1824011,1824011
https://fr.whoscored.com/matches/1824012,1824012
https://fr.whoscored.com/matches/1824013,1824013
https://fr.whoscored.com/matches/1824014,1824014
https://fr.whoscored.com/matches/1824022,1824022
https://fr.whoscored.com/matches/1824025,1824025
https://fr.whoscored.com/matches/1824026,1824026
https://fr.whoscored.com/matches/1824027,1824027
https://fr.whoscored.com/matches/1824028,1824028
https://fr.whoscored.com/matches/1824029,1824029
https://fr.whoscored.com/matches/1824030,1824030
https://fr.whoscored.com/matches/1824031,1824031
https://fr.whoscored.com/matches/1824032,1824032
https://fr.whoscored.com/matches/1824033,1824033
https://fr.whoscored.com/matches/1824180,1824180
https://fr.whoscored.com/matches/1824306,1824306
https://fr.whoscored.com/matches/1824316,1824316
https://fr.whoscored.com/matches/1824317,1824317
https://fr.whoscored.com/matches/1824318,1824318
https://fr.whoscored.com/matches/1824319,1824319
https://fr.whoscored.com/matches/1824320,1824320
https://fr.whoscored.com/matches/1824322,1824322
https://fr.whoscored.com/matches/1824323,1824323
https://fr.whoscored.com/matches/1824324,1824324
https://fr.whoscored.com/matches/1824325,1824325
https://fr.whoscored.com/matches/1824326,1824326
https://fr.whoscored.com/matches/1824327,1824327
https://fr.whoscored.com/matches/1824328,1824328
https://fr.whoscored.com/matches/1824329,1824329
https://fr.whoscored.com/matches/1824356,1824356
https://fr.whoscored.com/matches/1824357,1824357
https://fr.whoscored.com/matches/1824358,1824358
https://fr.whoscored.com/matches/1824359,1824359
https://fr.whoscored.com/matches/1824360,1824360
https://fr.whoscored.com/matches/1824361,1824361
https://fr.whoscored.com/matches/1824362,1824362
https://fr.whoscored.com/matches/1824363,1824363
https://fr.whoscored.com/matches/1824364,1824364
https://fr.whoscored.com/matches/1824365,1824365
https://fr.whoscored.com/matches/1824366,1824366
https://fr.whoscored.com/matches/1824367,1824367
https://fr.whoscored.com/matches/1824368,1824368
https://fr.whoscored.com/matches/1824369,1824369
https://fr.whoscored.com/matches/1824370,1824370
https://fr.whoscored.com/matches/1824371,1824371
https://fr.whoscored.com/matches/1824372,1824372
https://fr.whoscored.com/matches/1824373,1824373
https://fr.whoscored.com/matches/1824374,1824374
https://fr.whoscored.com/matches/1824375,1824375
https://fr.whoscored.com/matches/1824376,1824376
https://fr.whoscored.com/matches/1824377,1824377
https://fr.whoscored.com/matches/1824378,1824378
https://fr.whoscored.com/matches/1824379,1824379
https://fr.whoscored.com/matches/1824380,1824380
https://fr.whoscored.com/matches/1824381,1824381
https://fr.whoscored.com/matches/1824382,1824382
https://fr.whoscored.com/matches/1824383,1824383
https://fr.whoscored.com/matches/1824384,1824384
https://fr.whoscored.com/matches/1824386,1824386
https://fr.whoscored.com/matches/1824387,1824387
https://fr.whoscored.com/matches/1824388,1824388
https://fr.whoscored.com/matches/1824389,1824389
https://fr.whoscored.com/matches/1824390,1824390
https://fr.whoscored.com/matches/1824391,1824391
https://fr.whoscored.com/matches/1824392,1824392
https://fr.whoscored.com/matches/1824393,1824393
https://fr.whoscored.com/matches/1824394,1824394
https://fr.whoscored.com/matches/1824395,1824395
https://fr.whoscored.com/matches/1824396,1824396
https://fr.whoscored.com/matches/1824397,1824397
https://fr.whoscored.com/matches/1824403,1824403
https://fr.whoscored.com/matches/1824414,1824414
https://fr.whoscored.com/matches/1824421,1824421
https://fr.whoscored.com/matches/1824428,1824428
https://fr.whoscored.com/matches/1824433,1824433
https://fr.whoscored.com/matches/1824441,1824441
https://fr.whoscored.com/matches/1824455,1824455
https://fr.whoscored.com/matches/1824456,1824456
https://fr.whoscored.com/matches/1824457,1824457
https://fr.whoscored.com/matches/1824458,1824458
https://fr.whoscored.com/matches/1824459,1824459
https://fr.whoscored.com/matches/1824460,1824460
https://fr.whoscored.com/matches/1824461,1824461
https://fr.whoscored.com/matches/1824462,1824462
https://fr.whoscored.com/matches/1824463,1824463
https://fr.whoscored.com/matches/1824488,1824488
https://fr.whoscored.com/matches/1824490,1824490
https://fr.whoscored.com/matches/1824499,1824499
https://fr.whoscored.com/matches/1824503,1824503
https://fr.whoscored.com/matches/1824511,1824511
https://fr.whoscored.com/matches/1824512,1824512
https://fr.whoscored.com/matches/1824515,1824515
https://fr.whoscored.com/matches/1824517,1824517
https://fr.whoscored.com/matches/1824533,1824533
https://fr.whoscored.com/matches/1824539,1824539
https://fr.whoscored.com/matches/1824554,1824554
https://fr.whoscored.com/matches/1824557,1824557
https://fr.whoscored.com/matches/1824572,1824572
https://fr.whoscored.com/matches/1824578,1824578
https://fr.whoscored.com/matches/1824583,1824583
https://fr.whoscored.com/matches/1824588,1824588
https://fr.whoscored.com/matches/1824589,1824589
https://fr.whoscored.com/matches/1824590,1824590
https://fr.whoscored.com/matches/1824591,1824591
https://fr.whoscored.com/matches/1824592,1824592
https://fr.whoscored.com/matches/1824594,1824594
https://fr.whoscored.com/matches/1824595,1824595
https://fr.whoscored.com/matches/1824607,1824607
https://fr.whoscored.com/matches/1824613,1824613
https://fr.whoscored.com/matches/1824622,1824622
https://fr.whoscored.com/matches/1824626,1824626
https://fr.whoscored.com/matches/1824631,1824631
https://fr.whoscored.com/matches/1824645,1824645
https://fr.whoscored.com/matches/1824657,1824657
https://fr.whoscored.com/matches/1824658,1824658
https://fr.whoscored.com/matches/1824659,1824659
https://fr.whoscored.com/matches/1824660,1824660
https://fr.whoscored.com/matches/1824661,1824661
https://fr.whoscored.com/matches/1824662,1824662
https://fr.whoscored.com/matches/1824663,1824663
https://fr.whoscored.com/matches/1824664,1824664
https://fr.whoscored.com/matches/1824665,1824665
https://fr.whoscored.com/matches/1824666,1824666
https://fr.whoscored.com/matches/1824667,1824667
https://fr.whoscored.com/matches/1824668,1824668
https://fr.whoscored.com/matches/1824669,1824669
https://fr.whoscored.com/matches/1824670,1824670
https://fr.whoscored.com/matches/1824671,1824671
https://fr.whoscored.com/matches/1824672,1824672
https://fr.whoscored.com/matches/1824673,1824673
https://fr.whoscored.com/matches/1824674,1824674
https://fr.whoscored.com/matches/1824675,1824675
https://fr.whoscored.com/matches/1824676,1824676
https://fr.whoscored.com/matches/1824677,1824677
https://fr.whoscored.com/matches/1824678,1824678
https://fr.whoscored.com/matches/1824679,1824679
https://fr.whoscored.com/matches/1824680,1824680
https://fr.whoscored.com/matches/1824681,1824681
https://fr.whoscored.com/matches/1824682,1824682
https://fr.whoscored.com/matches/1824683,1824683
https://fr.whoscored.com/matches/1824684,1824684
https://fr.whoscored.com/matches/1824685,1824685
https://fr.whoscored.com/matches/1824686,1824686
https://fr.whoscored.com/matches/1824687,1824687
https://fr.whoscored.com/matches/1824688,1824688
https://fr.whoscored.com/matches/1824689,1824689
https://fr.whoscored.com/matches/1824690,1824690
https://fr.whoscored.com/matches/1824691,1824691
https://fr.whoscored.com/matches/1824692,1824692
https://fr.whoscored.com/matches/1824693,1824693
https://fr.whoscored.com/matches/1824922,1824922
https://fr.whoscored.com/matches/1824923,1824923
https://fr.whoscored.com/matches/1824924,1824924
https://fr.whoscored.com/matches/1824925,1824925
https://fr.whoscored.com/matches/1824926,1824926
https://fr.whoscored.com/matches/1824927,1824927
https://fr.whoscored.com/matches/1824928,1824928
https://fr.whoscored.com/matches/1824929,1824929
https://fr.whoscored.com/matches/1824930,1824930
https://fr.whoscored.com/matches/1824931,1824931
https://fr.whoscored.com/matches/1824932,1824932
https://fr.whoscored.com/matches/1824933,1824933
https://fr.whoscored.com/matches/1824934,1824934
https://fr.whoscored.com/matches/1824935,1824935
https://fr.whoscored.com/matches/1824936,1824936
https://fr.whoscored.com/matches/1824937,1824937
https://fr.whoscored.com/matches/1824938,1824938
https://fr.whoscored.com/matches/1824939,1824939
https://fr.whoscored.com/matches/1824940,1824940
https://fr.whoscored.com/matches/1824941,1824941
https://fr.whoscored.com/matches/1824943,1824943
https://fr.whoscored.com/matches/1824945,1824945
https://fr.whoscored.com/matches/1824947,1824947
https://fr.whoscored.com/matches/1824949,1824949
https://fr.whoscored.com/matches/1824951,1824951
https://fr.whoscored.com/matches/1824953,1824953
https://fr.whoscored.com/matches/1824954,1824954
https://fr.whoscored.com/matches/1824956,1824956
https://fr.whoscored.com/matches/1824958,1824958
https://fr.whoscored.com/matches/1824960,1824960
https://fr.whoscored.com/matches/1825006,1825006
https://fr.whoscored.com/matches/1825007,1825007
https://fr.whoscored.com/matches/1825008,1825008
https://fr.whoscored.com/matches/1825009,1825009
https://fr.whoscored.com/matches/1825010,1825010
https://fr.whoscored.com/matches/1825011,1825011
https://fr.whoscored.com/matches/1825012,1825012
https://fr.whoscored.com/matches/1825013,1825013
https://fr.whoscored.com/matches/1825014,1825014
https://fr.whoscored.com/matches/1825015,1825015
https://fr.whoscored.com/matches/1825016,1825016
https://fr.whoscored.com/matches/1825017,1825017
https://fr.whoscored.com/matches/1825018,1825018
https://fr.whoscored.com/matches/1825019,1825019
https://fr.whoscored.com/matches/1825020,1825020
https://fr.whoscored.com/matches/1825021,1825021
https://fr.whoscored.com/matches/1825022,1825022
https://fr.whoscored.com/matches/1825023,1825023
https://fr.whoscored.com/matches/1825024,1825024
https://fr.whoscored.com/matches/1825025,1825025
https://fr.whoscored.com/matches/1825026,1825026
https://fr.whoscored.com/matches/1825027,1825027
https://fr.whoscored.com/matches/1825028,1825028
https://fr.whoscored.com/matches/1825029,1825029
https://fr.whoscored.com/matches/1825151,1825151
https://fr.whoscored.com/matches/1825177,1825177
https://fr.whoscored.com/matches/1825235,1825235
https://fr.whoscored.com/matches/1825236,1825236
https://fr.whoscored.com/matches/1825237,1825237
https://fr.whoscored.com/matches/1825238,1825238
https://fr.whoscored.com/matches/1825239,1825239
https://fr.whoscored.com/matches/1825240,1825240
https://fr.whoscored.com/matches/1825241,1825241
https://fr.whoscored.com/matches/1825242,1825242
https://fr.whoscored.com/matches/1825243,1825243
https://fr.whoscored.com/matches/1825244,1825244
https://fr.whoscored.com/matches/1825245,1825245
https://fr.whoscored.com/matches/1825246,1825246
https://fr.whoscored.com/matches/1825247,1825247
https://fr.whoscored.com/matches/1825248,1825248
https://fr.whoscored.com/matches/1825249,1825249
https://fr.whoscored.com/matches/1825250,1825250
https://fr.whoscored.com/matches/1825251,1825251
https://fr.whoscored.com/matches/1825252,1825252
https://fr.whoscored.com/matches/1825253,1825253
https://fr.whoscored.com/matches/1825255,1825255
https://fr.whoscored.com/matches/1825257,1825257
https://fr.whoscored.com/matches/1825258,1825258
https://fr.whoscored.com/matches/1825259,1825259
https://fr.whoscored.com/matches/1825422,1825422
https://fr.whoscored.com/matches/1825423,1825423
https://fr.whoscored.com/matches/1825425,1825425
https://fr.whoscored.com/matches/1825427,1825427
https://fr.whoscored.com/matches/1825429,1825429
https://fr.whoscored.com/matches/1825430,1825430
https://fr.whoscored.com/matches/1825431,1825431
https://fr.whoscored.com/matches/1825432,1825432
https://fr.whoscored.com/matches/1825433,1825433
https://fr.whoscored.com/matches/1825434,1825434
https://fr.whoscored.com/matches/1825435,1825435
https://fr.whoscored.com/matches/1825436,1825436
https://fr.whoscored.com/matches/1825437,1825437
https://fr.whoscored.com/matches/1825438,1825438
https://fr.whoscored.com/matches/1825439,1825439
https://fr.whoscored.com/matches/1825440,1825440
https://fr.whoscored.com/matches/1825441,1825441
https://fr.whoscored.com/matches/1825442,1825442
https://fr.whoscored.com/matches/1825443,1825443
https://fr.whoscored.com/matches/1825444,1825444
https://fr.whoscored.com/matches/1825445,1825445
https://fr.whoscored.com/matches/1825446,1825446
https://fr.whoscored.com/matches/1825447,1825447
https://fr.whoscored.com/matches/1825448,1825448
https://fr.whoscored.com/matches/1825449,1825449
https://fr.whoscored.com/matches/1825450,1825450
https://fr.whoscored.com/matches/1825451,1825451
https://fr.whoscored.com/matches/1825452,1825452
https://fr.whoscored.com/matches/1825453,1825453
https://fr.whoscored.com/matches/1825454,1825454
https://fr.whoscored.com/matches/1825455,1825455
https://fr.whoscored.com/matches/1825456,1825456
https://fr.whoscored.com/matches/1825457,1825457
https://fr.whoscored.com/matches/1825458,1825458
https://fr.whoscored.com/matches/1825459,1825459
https://fr.whoscored.com/matches/1825465,1825465
https://fr.whoscored.com/matches/1825466,1825466
https://fr.whoscored.com/matches/1825467,1825467
https://fr.whoscored.com/matches/1825468,1825468
https://fr.whoscored.com/matches/1825469,1825469
https://fr.whoscored.com/matches/1825470,1825470
https://fr.whoscored.com/matches/1825471,1825471
https://fr.whoscored.com/matches/1825472,1825472
https://fr.whoscored.com/matches/1825473,1825473
https://fr.whoscored.com/matches/1825474,1825474
https://fr.whoscored.com/matches/1825475,1825475
https://fr.whoscored.com/matches/1825476,1825476
https://fr.whoscored.com/matches/1825477,1825477
https://fr.whoscored.com/matches/1825478,1825478
https://fr.whoscored.com/matches/1825479,1825479
https://fr.whoscored.com/matches/1825480,1825480
https://fr.whoscored.com/matches/1825481,1825481
https://fr.whoscored.com/matches/1825482,1825482
https://fr.whoscored.com/matches/1825483,1825483
https://fr.whoscored.com/matches/1825484,1825484
https://fr.whoscored.com/matches/1825485,1825485
https://fr.whoscored.com/matches/1825486,1825486
https://fr.whoscored.com/matches/1825487,1825487
https://fr.whoscored.com/matches/1825488,1825488
https://fr.whoscored.com/matches/1825489,1825489
https://fr.whoscored.com/matches/1825490,1825490
https://fr.whoscored.com/matches/1825491,1825491
https://fr.whoscored.com/matches/1825492,1825492
https://fr.whoscored.com/matches/1825493,1825493
https://fr.whoscored.com/matches/1825494,1825494
https://fr.whoscored.com/matches/1825495,1825495
https://fr.whoscored.com/matches/1825496,1825496
https://fr.whoscored.com/matches/1825497,1825497
https://fr.whoscored.com/matches/1825498,1825498
https://fr.whoscored.com/matches/1825499,1825499
https://fr.whoscored.com/matches/1825500,1825500
https://fr.whoscored.com/matches/1825501,1825501
https://fr.whoscored.com/matches/1825502,1825502
https://fr.whoscored.com/matches/1825503,1825503
https://fr.whoscored.com/matches/1825504,1825504
https://fr.whoscored.com/matches/1825505,1825505
https://fr.whoscored.com/matches/1825506,1825506
https://fr.whoscored.com/matches/1825507,1825507
https://fr.whoscored.com/matches/1825508,1825508
https://fr.whoscored.com/matches/1825509,1825509
https://fr.whoscored.com/matches/1825712,1825712
https://fr.whoscored.com/matches/1825720,1825720
https://fr.whoscored.com/matches/1825721,1825721
https://fr.whoscored.com/matches/1825722,1825722
https://fr.whoscored.com/matches/1825723,1825723
https://fr.whoscored.com/matches/1825724,1825724
https://fr.whoscored.com/matches/1825725,1825725
https://fr.whoscored.com/matches/1825726,1825726
https://fr.whoscored.com/matches/1825727,1825727
https://fr.whoscored.com/matches/1825728,1825728
https://fr.whoscored.com/matches/1826154,1826154
https://fr.whoscored.com/matches/1826305,1826305
https://fr.whoscored.com/matches/1826306,1826306
https://fr.whoscored.com/matches/1826307,1826307
https://fr.whoscored.com/matches/1826308,1826308
https://fr.whoscored.com/matches/1826309,1826309
https://fr.whoscored.com/matches/1826310,1826310
https://fr.whoscored.com/matches/1826311,1826311
https://fr.whoscored.com/matches/1826312,1826312
https://fr.whoscored.com/matches/1826313,1826313
https://fr.whoscored.com/matches/1826314,1826314
https://fr.whoscored.com/matches/1826315,1826315
https://fr.whoscored.com/matches/1826316,1826316
https://fr.whoscored.com/matches/1826407,1826407
https://fr.whoscored.com/matches/1826408,1826408
https://fr.whoscored.com/matches/1826409,1826409
https://fr.whoscored.com/matches/1826410,1826410
https://fr.whoscored.com/matches/1826411,1826411
https://fr.whoscored.com/matches/1826412,1826412
https://fr.whoscored.com/matches/1826413,1826413
https://fr.whoscored.com/matches/1826414,1826414
https://fr.whoscored.com/matches/1826415,1826415
https://fr.whoscored.com/matches/1826416,1826416
https://fr.whoscored.com/matches/1826417,1826417
https://fr.whoscored.com/matches/1826418,1826418
https://fr.whoscored.com/matches/1826529,1826529
https://fr.whoscored.com/matches/1826620,1826620
https://fr.whoscored.com/matches/1826634,1826634
https://fr.whoscored.com/matches/1826638,1826638
https://fr.whoscored.com/matches/1826639,1826639
https://fr.whoscored.com/matches/1826640,1826640
https://fr.whoscored.com/matches/1826641,1826641
https://fr.whoscored.com/matches/1826643,1826643
https://fr.whoscored.com/matches/1826646,1826646
https://fr.whoscored.com/matches/1826649,1826649
https://fr.whoscored.com/matches/1826652,1826652
https://fr.whoscored.com/matches/1826655,1826655
https://fr.whoscored.com/matches/1826664,1826664
https://fr.whoscored.com/matches/1826665,1826665
https://fr.whoscored.com/matches/1826666,1826666
https://fr.whoscored.com/matches/1826667,1826667
https://fr.whoscored.com/matches/1826668,1826668
https://fr.whoscored.com/matches/1826669,1826669
https://fr.whoscored.com/matches/1826670,1826670
https://fr.whoscored.com/matches/1826671,1826671
https://fr.whoscored.com/matches/1826672,1826672
https://fr.whoscored.com/matches/1826673,1826673
https://fr.whoscored.com/matches/1826674,1826674
https://fr.whoscored.com/matches/1826675,1826675
https://fr.whoscored.com/matches/1826676,1826676
https://fr.whoscored.com/matches/1826677,1826677
https://fr.whoscored.com/matches/1826678,1826678
https://fr.whoscored.com/matches/1826679,1826679
https://fr.whoscored.com/matches/1826680,1826680
https://fr.whoscored.com/matches/1826681,1826681
https://fr.whoscored.com/matches/1826682,1826682
https://fr.whoscored.com/matches/1826683,1826683
https://fr.whoscored.com/matches/1826684,1826684
https://fr.whoscored.com/matches/1826689,1826689
https://fr.whoscored.com/matches/1826690,1826690
https://fr.whoscored.com/matches/1826691,1826691
https://fr.whoscored.com/matches/1826692,1826692
https://fr.whoscored.com/matches/1826693,1826693
https://fr.whoscored.com/matches/1826694,1826694
https://fr.whoscored.com/matches/1826695,1826695
https://fr.whoscored.com/matches/1826696,1826696
https://fr.whoscored.com/matches/1826697,1826697
https://fr.whoscored.com/matches/1826698,1826698
https://fr.whoscored.com/matches/1826699,1826699
https://fr.whoscored.com/matches/1826700,1826700
https://fr.whoscored.com/matches/1826701,1826701
https://fr.whoscored.com/matches/1826702,1826702
https://fr.whoscored.com/matches/1826703,1826703
https://fr.whoscored.com/matches/1826704,1826704
https://fr.whoscored.com/matches/1826705,1826705
https://fr.whoscored.com/matches/1826706,1826706
https://fr.whoscored.com/matches/1826707,1826707
https://fr.whoscored.com/matches/1826708,1826708
https://fr.whoscored.com/matches/1826709,1826709
https://fr.whoscored.com/matches/1826710,1826710
https://fr.whoscored.com/matches/1826711,1826711
https://fr.whoscored.com/matches/1826712,1826712
https://fr.whoscored.com/matches/1826713,1826713
https://fr.whoscored.com/matches/1826714,1826714
https://fr.whoscored.com/matches/1826715,1826715
https://fr.whoscored.com/matches/1826716,1826716
https://fr.whoscored.com/matches/1826717,1826717
https://fr.whoscored.com/matches/1826718,1826718
https://fr.whoscored.com/matches/1826719,1826719
https://fr.whoscored.com/matches/1826720,1826720
https://fr.whoscored.com/matches/1826721,1826721
https://fr.whoscored.com/matches/1826722,1826722
https://fr.whoscored.com/matches/1826723,1826723
https://fr.whoscored.com/matches/1826724,1826724
https://fr.whoscored.com/matches/1826725,1826725
https://fr.whoscored.com/matches/1827493,1827493
https://fr.whoscored.com/matches/1827501,1827501
https://fr.whoscored.com/matches/1827572,1827572
https://fr.whoscored.com/matches/1827575,1827575
https://fr.whoscored.com/matches/1827576,1827576
https://fr.whoscored.com/matches/1827579,1827579
https://fr.whoscored.com/matches/1827582,1827582
https://fr.whoscored.com/matches/1827583,1827583
https://fr.whoscored.com/matches/1827601,1827601
https://fr.whoscored.com/matches/1827603,1827603
https://fr.whoscored.com/matches/1827604,1827604
https://fr.whoscored.com/matches/1827605,1827605
https://fr.whoscored.com/matches/1827607,1827607
https://fr.whoscored.com/matches/1827608,1827608
https://fr.whoscored.com/matches/1827609,1827609
https://fr.whoscored.com/matches/1827610,1827610
https://fr.whoscored.com/matches/1827612,1827612
https://fr.whoscored.com/matches/1827613,1827613
https://fr.whoscored.com/matches/1827615,1827615
https://fr.whoscored.com/matches/1827617,1827617
https://fr.whoscored.com/matches/1827619,1827619
https://fr.whoscored.com/matches/1827621,1827621
https://fr.whoscored.com/matches/1827623,1827623
https://fr.whoscored.com/matches/1827624,1827624
https://fr.whoscored.com/matches/1827626,1827626
https://fr.whoscored.com/matches/1827627,1827627
https://fr.whoscored.com/matches/1827629,1827629
https://fr.whoscored.com/matches/1827630,1827630
https://fr.whoscored.com/matches/1827632,1827632
https://fr.whoscored.com/matches/1827634,1827634
https://fr.whoscored.com/matches/1827636,1827636
https://fr.whoscored.com/matches/1827638,1827638
https://fr.whoscored.com/matches/1827640,1827640
https://fr.whoscored.com/matches/1827642,1827642
https://fr.whoscored.com/matches/1827643,1827643
https://fr.whoscored.com/matches/1827644,1827644
https://fr.whoscored.com/matches/1827645,1827645
https://fr.whoscored.com/matches/1827646,1827646
https://fr.whoscored.com/matches/1827647,1827647
https://fr.whoscored.com/matches/1827648,1827648
https://fr.whoscored.com/matches/1827649,1827649
https://fr.whoscored.com/matches/1827650,1827650
https://fr.whoscored.com/matches/1827651,1827651
https://fr.whoscored.com/matches/1827652,1827652
https://fr.whoscored.com/matches/1827653,1827653
https://fr.whoscored.com/matches/1827654,1827654
https://fr.whoscored.com/matches/1827655,1827655
https://fr.whoscored.com/matches/1827656,1827656
https://fr.whoscored.com/matches/1827657,1827657
https://fr.whoscored.com/matches/1827658,1827658
https://fr.whoscored.com/matches/1827659,1827659
https://fr.whoscored.com/matches/1827660,1827660
https://fr.whoscored.com/matches/1827661,1827661
https://fr.whoscored.com/matches/1827662,1827662
https://fr.whoscored.com/matches/1827663,1827663
https://fr.whoscored.com/matches/1827664,1827664
https://fr.whoscored.com/matches/1827665,1827665
https://fr.whoscored.com/matches/1827666,1827666
https://fr.whoscored.com/matches/1827667,1827667
https://fr.whoscored.com/matches/1827668,1827668
https://fr.whoscored.com/matches/1827669,1827669
https://fr.whoscored.com/matches/1827670,1827670
https://fr.whoscored.com/matches/1827671,1827671
https://fr.whoscored.com/matches/1827672,1827672
https://fr.whoscored.com/matches/1827673,1827673
https://fr.whoscored.com/matches/1827674,1827674
https://fr.whoscored.com/matches/1827675,1827675
https://fr.whoscored.com/matches/1827676,1827676
https://fr.whoscored.com/matches/1827677,1827677
https://fr.whoscored.com/matches/1827678,1827678
https://fr.whoscored.com/matches/1827679,1827679
https://fr.whoscored.com/matches/1827680,1827680
https://fr.whoscored.com/matches/1827681,1827681
https://fr.whoscored.com/matches/1827682,1827682
https://fr.whoscored.com/matches/1827683,1827683
https://fr.whoscored.com/matches/1827684,1827684
https://fr.whoscored.com/matches/1827685,1827685
https://fr.whoscored.com/matches/1827686,1827686
https://fr.whoscored.com/matches/1827687,1827687
https://fr.whoscored.com/matches/1827688,1827688
https://fr.whoscored.com/matches/1827842,1827842
https://fr.whoscored.com/matches/1827851,1827851
https://fr.whoscored.com/matches/1827852,1827852
https://fr.whoscored.com/matches/1827854,1827854
https://fr.whoscored.com/matches/1827855,1827855
https://fr.whoscored.com/matches/1827856,1827856
https://fr.whoscored.com/matches/1827857,1827857
https://fr.whoscored.com/matches/1827858,1827858
https://fr.whoscored.com/matches/1827859,1827859
https://fr.whoscored.com/matches/1827860,1827860
https://fr.whoscored.com/matches/1827861,1827861
https://fr.whoscored.com/matches/1827862,1827862
https://fr.whoscored.com/matches/1827863,1827863
https://fr.whoscored.com/matches/1827864,1827864
https://fr.whoscored.com/matches/1827865,1827865
https://fr.whoscored.com/matches/1827866,1827866
https://fr.whoscored.com/matches/1827867,1827867
https://fr.whoscored.com/matches/1827868,1827868
https://fr.whoscored.com/matches/1827869,1827869
https://fr.whoscored.com/matches/1827870,1827870
https://fr.whoscored.com/matches/1827871,1827871
https://fr.whoscored.com/matches/1827872,1827872
https://fr.whoscored.com/matches/1827873,1827873
https://fr.whoscored.com/matches/1827874,1827874
https://fr.whoscored.com/matches/1827875,1827875
https://fr.whoscored.com/matches/1827876,1827876
https://fr.whoscored.com/matches/1827877,1827877
https://fr.whoscored.com/matches/1827878,1827878
https://fr.whoscored.com/matches/1827879,1827879
https://fr.whoscored.com/matches/1827880,1827880
https://fr.whoscored.com/matches/1827881,1827881
https://fr.whoscored.com/matches/1827882,1827882
https://fr.whoscored.com/matches/1827883,1827883
https://fr.whoscored.com/matches/1827884,1827884
https://fr.whoscored.com/matches/1827885,1827885
https://fr.whoscored.com/matches/1827887,1827887
https://fr.whoscored.com/matches/1827888,1827888
https://fr.whoscored.com/matches/1827889,1827889
https://fr.whoscored.com/matches/1827890,1827890
https://fr.whoscored.com/matches/1827891,1827891
https://fr.whoscored.com/matches/1827892,1827892
https://fr.whoscored.com/matches/1827894,1827894
https://fr.whoscored.com/matches/1827896,1827896
https://fr.whoscored.com/matches/1827898,1827898
https://fr.whoscored.com/matches/1827900,1827900
https://fr.whoscored.com/matches/1827902,1827902
https://fr.whoscored.com/matches/1827904,1827904
https://fr.whoscored.com/matches/1827906,1827906
https://fr.whoscored.com/matches/1827908,1827908
https://fr.whoscored.com/matches/1827910,1827910
https://fr.whoscored.com/matches/1827912,1827912
https://fr.whoscored.com/matches/1827914,1827914
https://fr.whoscored.com/matches/1827915,1827915
https://fr.whoscored.com/matches/1827917,1827917
https://fr.whoscored.com/matches/1827920,1827920
https://fr.whoscored.com/matches/1827926,1827926
https://fr.whoscored.com/matches/1827927,1827927
https://fr.whoscored.com/matches/1827928,1827928
https://fr.whoscored.com/matches/1827929,1827929
https://fr.whoscored.com/matches/1827930,1827930
https://fr.whoscored.com/matches/1827931,1827931
https://fr.whoscored.com/matches/1827932,1827932
https://fr.whoscored.com/matches/1827933,1827933
https://fr.whoscored.com/matches/1827934,1827934
https://fr.whoscored.com/matches/1827935,1827935
https://fr.whoscored.com/matches/1827936,1827936
https://fr.whoscored.com/matches/1827937,1827937
https://fr.whoscored.com/matches/1827938,1827938
https://fr.whoscored.com/matches/1827939,1827939
https://fr.whoscored.com/matches/1827940,1827940
https://fr.whoscored.com/matches/1827941,1827941
https://fr.whoscored.com/matches/1827942,1827942
https://fr.whoscored.com/matches/1827943,1827943
https://fr.whoscored.com/matches/1827944,1827944
https://fr.whoscored.com/matches/1827945,1827945
https://fr.whoscored.com/matches/1827946,1827946
https://fr.whoscored.com/matches/1828241,1828241
https://fr.whoscored.com/matches/1828242,1828242
https://fr.whoscored.com/matches/1828243,1828243
https://fr.whoscored.com/matches/1828244,1828244
https://fr.whoscored.com/matches/1828245,1828245
https://fr.whoscored.com/matches/1828246,1828246
https://fr.whoscored.com/matches/1828247,1828247
https://fr.whoscored.com/matches/1828248,1828248
https://fr.whoscored.com/matches/1828249,1828249
https://fr.whoscored.com/matches/1828250,1828250
https://fr.whoscored.com/matches/1828251,1828251
https://fr.whoscored.com/matches/1828252,1828252
https://fr.whoscored.com/matches/1828253,1828253
https://fr.whoscored.com/matches/1828254,1828254
https://fr.whoscored.com/matches/1828255,1828255
https://fr.whoscored.com/matches/1828256,1828256
https://fr.whoscored.com/matches/1828273,1828273
https://fr.whoscored.com/matches/1828274,1828274
https://fr.whoscored.com/matches/1828275,1828275
https://fr.whoscored.com/matches/1828276,1828276
https://fr.whoscored.com/matches/1828277,1828277
https://fr.whoscored.com/matches/1828278,1828278
https://fr.whoscored.com/matches/1828279,1828279
https://fr.whoscored.com/matches/1828280,1828280
https://fr.whoscored.com/matches/1828281,1828281
https://fr.whoscored.com/matches/1828282,1828282
https://fr.whoscored.com/matches/1828283,1828283
https://fr.whoscored.com/matches/1828284,1828284
https://fr.whoscored.com/matches/1828285,1828285
https://fr.whoscored.com/matches/1828286,1828286
https://fr.whoscored.com/matches/1828287,1828287
https://fr.whoscored.com/matches/1828288,1828288
https://fr.whoscored.com/matches/1828289,1828289
https://fr.whoscored.com/matches/1828290,1828290
https://fr.whoscored.com/matches/1828291,1828291
https://fr.whoscored.com/matches/1828292,1828292
https://fr.whoscored.com/matches/1828293,1828293
https://fr.whoscored.com/matches/1828294,1828294
https://fr.whoscored.com/matches/1828295,1828295
https://fr.whoscored.com/matches/1828296,1828296
https://fr.whoscored.com/matches/1828297,1828297
https://fr.whoscored.com/matches/1828298,1828298
https://fr.whoscored.com/matches/1828299,1828299
https://fr.whoscored.com/matches/1828300,1828300
https://fr.whoscored.com/matches/1828301,1828301
https://fr.whoscored.com/matches/1828302,1828302
https://fr.whoscored.com/matches/1828303,1828303
https://fr.whoscored.com/matches/1828304,1828304
https://fr.whoscored.com/matches/1828305,1828305
https://fr.whoscored.com/matches/1828306,1828306
https://fr.whoscored.com/matches/1828307,1828307
https://fr.whoscored.com/matches/1828308,1828308
https://fr.whoscored.com/matches/1828309,1828309
https://fr.whoscored.com/matches/1828310,1828310
https://fr.whoscored.com/matches/1828311,1828311
https://fr.whoscored.com/matches/1828312,1828312
https://fr.whoscored.com/matches/1828313,1828313
https://fr.whoscored.com/matches/1828314,1828314
https://fr.whoscored.com/matches/1828315,1828315
https://fr.whoscored.com/matches/1828316,1828316
https://fr.whoscored.com/matches/1828317,1828317
https://fr.whoscored.com/matches/1828318,1828318
https://fr.whoscored.com/matches/1828319,1828319
https://fr.whoscored.com/matches/1828320,1828320
https://fr.whoscored.com/matches/1828522,1828522
https://fr.whoscored.com/matches/1828630,1828630
https://fr.whoscored.com/matches/1828652,1828652
https://fr.whoscored.com/matches/1828653,1828653
https://fr.whoscored.com/matches/1828654,1828654
https://fr.whoscored.com/matches/1828655,1828655
https://fr.whoscored.com/matches/1828672,1828672
https://fr.whoscored.com/matches/1828673,1828673
https://fr.whoscored.com/matches/1828674,1828674
https://fr.whoscored.com/matches/1828675,1828675
https://fr.whoscored.com/matches/1828676,1828676
https://fr.whoscored.com/matches/1828677,1828677
https://fr.whoscored.com/matches/1828678,1828678
https://fr.whoscored.com/matches/1828679,1828679
https://fr.whoscored.com/matches/1828680,1828680
https://fr.whoscored.com/matches/1828681,1828681
https://fr.whoscored.com/matches/1828682,1828682
https://fr.whoscored.com/matches/1828683,1828683
https://fr.whoscored.com/matches/1828684,1828684
https://fr.whoscored.com/matches/1828685,1828685
https://fr.whoscored.com/matches/1828686,1828686
https://fr.whoscored.com/matches/1828687,1828687
https://fr.whoscored.com/matches/1828688,1828688
https://fr.whoscored.com/matches/1828689,1828689
https://fr.whoscored.com/matches/1828690,1828690
https://fr.whoscored.com/matches/1828691,1828691
https://fr.whoscored.com/matches/1828692,1828692
https://fr.whoscored.com/matches/1828693,1828693
https://fr.whoscored.com/matches/1828694,1828694
https://fr.whoscored.com/matches/1828695,1828695
https://fr.whoscored.com/matches/1828701,1828701
https://fr.whoscored.com/matches/1828702,1828702
https://fr.whoscored.com/matches/1828703,1828703
https://fr.whoscored.com/matches/1828704,1828704
https://fr.whoscored.com/matches/1828705,1828705
https://fr.whoscored.com/matches/1828706,1828706
https://fr.whoscored.com/matches/1828707,1828707
https://fr.whoscored.com/matches/1828708,1828708
https://fr.whoscored.com/matches/1828709,1828709
https://fr.whoscored.com/matches/1828710,1828710
https://fr.whoscored.com/matches/1828711,1828711
https://fr.whoscored.com/matches/1828712,1828712
https://fr.whoscored.com/matches/1828713,1828713
https://fr.whoscored.com/matches/1828714,1828714
https://fr.whoscored.com/matches/1828715,1828715
https://fr.whoscored.com/matches/1828716,1828716
https://fr.whoscored.com/matches/1828717,1828717
https://fr.whoscored.com/matches/1828718,1828718
https://fr.whoscored.com/matches/1828728,1828728
https://fr.whoscored.com/matches/1828729,1828729
https://fr.whoscored.com/matches/1828730,1828730
https://fr.whoscored.com/matches/1828731,1828731
https://fr.whoscored.com/matches/1828732,1828732
https://fr.whoscored.com/matches/1828733,1828733
https://fr.whoscored.com/matches/1828734,1828734
https://fr.whoscored.com/matches/1828735,1828735
https://fr.whoscored.com/matches/1828736,1828736
https://fr.whoscored.com/matches/1828737,1828737
https://fr.whoscored.com/matches/1828738,1828738
https://fr.whoscored.com/matches/1828739,1828739
https://fr.whoscored.com/matches/1828740,1828740
https://fr.whoscored.com/matches/1828743,1828743
https://fr.whoscored.com/matches/1828744,1828744
https://fr.whoscored.com/matches/1828745,1828745
https://fr.whoscored.com/matches/1828746,1828746
https://fr.whoscored.com/matches/1828747,1828747
https://fr.whoscored.com/matches/1828748,1828748
https://fr.whoscored.com/matches/1828749,1828749
https://fr.whoscored.com/matches/1828750,1828750
https://fr.whoscored.com/matches/1828751,1828751
https://fr.whoscored.com/matches/1828752,1828752
https://fr.whoscored.com/matches/1828753,1828753
https://fr.whoscored.com/matches/1828754,1828754
https://fr.whoscored.com/matches/1828755,1828755
https://fr.whoscored.com/matches/1828958,1828958
https://fr.whoscored.com/matches/1828965,1828965
https://fr.whoscored.com/matches/1828966,1828966
https://fr.whoscored.com/matches/1829313,1829313
https://fr.whoscored.com/matches/1829314,1829314
https://fr.whoscored.com/matches/1829315,1829315
https://fr.whoscored.com/matches/1829316,1829316
https://fr.whoscored.com/matches/1829317,1829317
https://fr.whoscored.com/matches/1829318,1829318
https://fr.whoscored.com/matches/1829319,1829319
https://fr.whoscored.com/matches/1829320,1829320
https://fr.whoscored.com/matches/1829321,1829321
https://fr.whoscored.com/matches/1829335,1829335
https://fr.whoscored.com/matches/1829336,1829336
https://fr.whoscored.com/matches/1829337,1829337
https://fr.whoscored.com/matches/1829338,1829338
https://fr.whoscored.com/matches/1829339,1829339
https://fr.whoscored.com/matches/1829340,1829340
https://fr.whoscored.com/matches/1829341,1829341
https://fr.whoscored.com/matches/1829342,1829342
https://fr.whoscored.com/matches/1829343,1829343
https://fr.whoscored.com/matches/1829344,1829344
https://fr.whoscored.com/matches/1829345,1829345
https://fr.whoscored.com/matches/1829346,1829346
https://fr.whoscored.com/matches/1829347,1829347
https://fr.whoscored.com/matches/1829348,1829348
https://fr.whoscored.com/matches/1829349,1829349
https://fr.whoscored.com/matches/1829350,1829350
https://fr.whoscored.com/matches/1829351,1829351
https://fr.whoscored.com/matches/1829352,1829352
https://fr.whoscored.com/matches/1829353,1829353
https://fr.whoscored.com/matches/1829354,1829354
https://fr.whoscored.com/matches/1829355,1829355
https://fr.whoscored.com/matches/1829356,1829356
https://fr.whoscored.com/matches/1829357,1829357
https://fr.whoscored.com/matches/1829358,1829358
https://fr.whoscored.com/matches/1829359,1829359
https://fr.whoscored.com/matches/1829360,1829360
https://fr.whoscored.com/matches/1829361,1829361
https://fr.whoscored.com/matches/1829362,1829362
https://fr.whoscored.com/matches/1829363,1829363
https://fr.whoscored.com/matches/1829364,1829364
https://fr.whoscored.com/matches/1829365,1829365
https://fr.whoscored.com/matches/1829366,1829366
https://fr.whoscored.com/matches/1829372,1829372
https://fr.whoscored.com/matches/1829373,1829373
https://fr.whoscored.com/matches/1829374,1829374
https://fr.whoscored.com/matches/1829375,1829375
https://fr.whoscored.com/matches/1829376,1829376
https://fr.whoscored.com/matches/1829377,1829377
https://fr.whoscored.com/matches/1829378,1829378
https://fr.whoscored.com/matches/1829379,1829379
https://fr.whoscored.com/matches/1829380,1829380
https://fr.whoscored.com/matches/1829381,1829381
https://fr.whoscored.com/matches/1829382,1829382
https://fr.whoscored.com/matches/1829383,1829383
https://fr.whoscored.com/matches/1829386,1829386
https://fr.whoscored.com/matches/1829387,1829387
https://fr.whoscored.com/matches/1829388,1829388
https://fr.whoscored.com/matches/1829389,1829389
https://fr.whoscored.com/matches/1829390,1829390
https://fr.whoscored.com/matches/1829391,1829391
https://fr.whoscored.com/matches/1829392,1829392
https://fr.whoscored.com/matches/1829394,1829394
https://fr.whoscored.com/matches/1829395,1829395
https://fr.whoscored.com/matches/1829396,1829396
https://fr.whoscored.com/matches/1829397,1829397
https://fr.whoscored.com/matches/1829398,1829398
https://fr.whoscored.com/matches/1829399,1829399
https://fr.whoscored.com/matches/1829400,1829400
https://fr.whoscored.com/matches/1829401,1829401
https://fr.whoscored.com/matches/1829402,1829402
https://fr.whoscored.com/matches/1829403,1829403
https://fr.whoscored.com/matches/1829404,1829404
https://fr.whoscored.com/matches/1829405,1829405
https://fr.whoscored.com/matches/1829406,1829406
https://fr.whoscored.com/matches/1829407,1829407
https://fr.whoscored.com/matches/1829408,1829408
https://fr.whoscored.com/matches/1829409,1829409
https://fr.whoscored.com/matches/1829410,1829410
https://fr.whoscored.com/matches/1829411,1829411
https://fr.whoscored.com/matches/1829412,1829412
https://fr.whoscored.com/matches/1829413,1829413
https://fr.whoscored.com/matches/1829414,1829414
https://fr.whoscored.com/matches/1829415,1829415
https://fr.whoscored.com/matches/1829416,1829416
https://fr.whoscored.com/matches/1829417,1829417
https://fr.whoscored.com/matches/1829418,1829418
https://fr.whoscored.com/matches/1829419,1829419
https://fr.whoscored.com/matches/1829420,1829420
https://fr.whoscored.com/matches/1829421,1829421
https://fr.whoscored.com/matches/1829422,1829422
https://fr.whoscored.com/matches/1829423,1829423
https://fr.whoscored.com/matches/1829424,1829424
https://fr.whoscored.com/matches/1829425,1829425
https://fr.whoscored.com/matches/1829426,1829426
https://fr.whoscored.com/matches/1829427,1829427
https://fr.whoscored.com/matches/1829428,1829428
https://fr.whoscored.com/matches/1829429,1829429
https://fr.whoscored.com/matches/1829430,1829430
https://fr.whoscored.com/matches/1829431,1829431
https://fr.whoscored.com/matches/1829432,1829432
https://fr.whoscored.com/matches/1829594,1829594
https://fr.whoscored.com/matches/1829595,1829595
https://fr.whoscored.com/matches/1829596,1829596
https://fr.whoscored.com/matches/1829597,1829597
https://fr.whoscored.com/matches/1829598,1829598
https://fr.whoscored.com/matches/1829599,1829599
https://fr.whoscored.com/matches/1829600,1829600
https://fr.whoscored.com/matches/1829601,1829601
https://fr.whoscored.com/matches/1829602,1829602
https://fr.whoscored.com/matches/1829603,1829603
https://fr.whoscored.com/matches/1829604,1829604
https://fr.whoscored.com/matches/1829605,1829605
https://fr.whoscored.com/matches/1829606,1829606
https://fr.whoscored.com/matches/1829607,1829607
https://fr.whoscored.com/matches/1829608,1829608
https://fr.whoscored.com/matches/1829609,1829609
https://fr.whoscored.com/matches/1829610,1829610
https://fr.whoscored.com/matches/1829611,1829611
https://fr.whoscored.com/matches/1829612,1829612
https://fr.whoscored.com/matches/1829613,1829613
https://fr.whoscored.com/matches/1829625,1829625
https://fr.whoscored.com/matches/1829626,1829626
https://fr.whoscored.com/matches/1829627,1829627
https://fr.whoscored.com/matches/1829628,1829628
https://fr.whoscored.com/matches/1829629,1829629
https://fr.whoscored.com/matches/1829777,1829777
https://fr.whoscored.com/matches/1829778,1829778
https://fr.whoscored.com/matches/1829779,1829779
https://fr.whoscored.com/matches/1829780,1829780
https://fr.whoscored.com/matches/1829781,1829781
https://fr.whoscored.com/matches/1829782,1829782
https://fr.whoscored.com/matches/1829783,1829783
https://fr.whoscored.com/matches/1829784,1829784
https://fr.whoscored.com/matches/1829785,1829785
https://fr.whoscored.com/matches/1829786,1829786
https://fr.whoscored.com/matches/1829787,1829787
https://fr.whoscored.com/matches/1829792,1829792
https://fr.whoscored.com/matches/1829793,1829793
https://fr.whoscored.com/matches/1829794,1829794
https://fr.whoscored.com/matches/1829795,1829795
https://fr.whoscored.com/matches/1829796,1829796
https://fr.whoscored.com/matches/1829797,1829797
https://fr.whoscored.com/matches/1829798,1829798
https://fr.whoscored.com/matches/1829810,1829810
https://fr.whoscored.com/matches/1829811,1829811
https://fr.whoscored.com/matches/1829812,1829812
https://fr.whoscored.com/matches/1829813,1829813
https://fr.whoscored.com/matches/1829814,1829814
https://fr.whoscored.com/matches/1829815,1829815
https://fr.whoscored.com/matches/1829816,1829816
https://fr.whoscored.com/matches/1829943,1829943
https://fr.whoscored.com/matches/1829945,1829945
https://fr.whoscored.com/matches/1829947,1829947
https://fr.whoscored.com/matches/1829949,1829949
https://fr.whoscored.com/matches/1829951,1829951
https://fr.whoscored.com/matches/1829953,1829953
